"Date and Time Run 1","Time (s) Run 1","Force (N) Run 1","Position (m) Run 1","Velocity (m/s) Run 1","Acceleration - x (m/s²) Run 1","Speed (m/s) Run 1","Date and Time Run 2","Time (s) Run 2","Force (N) Run 2","Position (m) Run 2","Velocity (m/s) Run 2","Acceleration - x (m/s²) Run 2","Speed (m/s) Run 2","Date and Time Run 3","Time (s) Run 3","Force (N) Run 3","Position (m) Run 3","Velocity (m/s) Run 3","Acceleration - x (m/s²) Run 3","Speed (m/s) Run 3","Date and Time Run 4","Time (s) Run 4","Force (N) Run 4","Position (m) Run 4","Velocity (m/s) Run 4","Acceleration - x (m/s²) Run 4","Speed (m/s) Run 4","Date and Time Run 5","Time (s) Run 5","Force (N) Run 5","Position (m) Run 5","Velocity (m/s) Run 5","Acceleration - x (m/s²) Run 5","Speed (m/s) Run 5","Date and Time Run 6","Time (s) Run 6","Force (N) Run 6","Position (m) Run 6","Velocity (m/s) Run 6","Acceleration - x (m/s²) Run 6","Speed (m/s) Run 6"
01/08/2024 11:00:36 am,0.000,0.00,0.0000,,,,01/08/2024 11:00:47 am,0.000,5.19,0.0000,,,,01/08/2024 11:01:42 am,0.000,0.00,0.0000,,,,01/08/2024 11:01:53 am,0.000,5.65,0.0000,,,,01/08/2024 11:03:53 am,0.000,0.01,0.0000,,,,01/08/2024 11:03:58 am,0.000,5.47,0.0000,,,
01/08/2024 11:00:36 am,0.025,0.00,0.0000,0.000,,0.0000,01/08/2024 11:00:47 am,0.025,5.19,0.0000,-0.002,,0.0024,01/08/2024 11:01:42 am,0.025,0.00,0.0000,0.000,,0.0000,01/08/2024 11:01:53 am,0.025,5.64,0.0000,0.000,,0.0000,01/08/2024 11:03:53 am,0.025,0.01,0.0000,0.000,,0.0000,01/08/2024 11:03:58 am,0.025,5.47,0.0000,0.000,,0.0000
01/08/2024 11:00:36 am,0.050,-0.01,0.0000,0.000,0.0,0.0000,01/08/2024 11:00:47 am,0.050,5.18,-1.2126E-4,0.000,0.1,0.0000,01/08/2024 11:01:42 am,0.050,-0.01,0.0000,0.000,0.0,0.0000,01/08/2024 11:01:53 am,0.050,5.64,0.0000,0.000,0.0,0.0000,01/08/2024 11:03:53 am,0.050,0.01,0.0000,0.000,0.0,0.0000,01/08/2024 11:03:58 am,0.050,5.47,0.0000,0.000,0.0,0.0000
01/08/2024 11:00:36 am,0.075,-0.01,0.0000,0.000,0.0,0.0000,01/08/2024 11:00:47 am,0.075,5.19,0.0000,8.084E-4,0.0,8.0842E-4,01/08/2024 11:01:42 am,0.075,0.00,0.0000,0.000,0.0,0.0000,01/08/2024 11:01:53 am,0.075,5.64,0.0000,0.000,0.0,0.0000,01/08/2024 11:03:53 am,0.075,0.01,0.0000,0.000,0.0,0.0000,01/08/2024 11:03:58 am,0.075,5.47,0.0000,0.000,0.0,0.0000
01/08/2024 11:00:36 am,0.100,0.01,0.0000,0.000,0.0,0.0000,01/08/2024 11:00:47 am,0.100,5.19,0.0000,8.084E-4,0.0,8.0842E-4,01/08/2024 11:01:42 am,0.100,0.00,0.0000,0.000,0.0,0.0000,01/08/2024 11:01:53 am,0.100,5.64,0.0000,-8.084E-4,0.0,8.0842E-4,01/08/2024 11:03:53 am,0.100,0.01,0.0000,0.000,0.0,0.0000,01/08/2024 11:03:58 am,0.100,5.48,0.0000,-8.084E-4,0.0,8.0842E-4
01/08/2024 11:00:36 am,0.125,0.01,0.0000,0.000,0.0,0.0000,01/08/2024 11:00:47 am,0.125,5.19,0.0000,0.000,0.0,0.0000,01/08/2024 11:01:42 am,0.125,-0.01,0.0000,0.000,0.0,0.0000,01/08/2024 11:01:53 am,0.125,5.64,0.0000,-8.084E-4,0.0,8.0842E-4,01/08/2024 11:03:53 am,0.125,0.00,0.0000,0.000,0.0,0.0000,01/08/2024 11:03:58 am,0.125,5.47,0.0000,-0.002,0.0,0.0024
01/08/2024 11:00:36 am,0.150,0.01,0.0000,0.000,0.0,0.0000,01/08/2024 11:00:47 am,0.150,5.18,0.0000,0.000,0.0,0.0000,01/08/2024 11:01:42 am,0.150,-0.01,0.0000,0.000,0.0,0.0000,01/08/2024 11:01:53 am,0.150,5.64,-1.2126E-4,0.000,0.0,0.0000,01/08/2024 11:03:53 am,0.150,0.01,0.0000,0.000,0.0,0.0000,01/08/2024 11:03:58 am,0.150,5.47,-1.2126E-4,-0.003,0.0,0.0032
01/08/2024 11:00:36 am,0.175,0.00,0.0000,0.000,0.0,0.0000,01/08/2024 11:00:47 am,0.175,5.18,0.0000,0.000,0.0,0.0000,01/08/2024 11:01:42 am,0.175,-0.01,0.0000,0.000,0.0,0.0000,01/08/2024 11:01:53 am,0.175,5.63,0.0000,8.084E-4,0.0,8.0842E-4,01/08/2024 11:03:53 am,0.175,0.01,0.0000,0.000,0.0,0.0000,01/08/2024 11:03:58 am,0.175,5.48,-2.4252E-4,-0.002,0.0,0.0024
01/08/2024 11:00:36 am,0.200,0.01,0.0000,0.000,0.0,0.0000,01/08/2024 11:00:47 am,0.200,5.19,0.0000,0.000,0.0,0.0000,01/08/2024 11:01:42 am,0.200,-0.01,0.0000,0.000,0.0,0.0000,01/08/2024 11:01:53 am,0.200,5.63,0.0000,0.000,0.0,0.0000,01/08/2024 11:03:53 am,0.200,0.01,0.0000,0.000,0.0,0.0000,01/08/2024 11:03:58 am,0.200,5.47,-2.4252E-4,0.000,0.1,0.0000
01/08/2024 11:00:36 am,0.225,0.00,0.0000,0.000,0.0,0.0000,01/08/2024 11:00:47 am,0.225,5.18,0.0000,0.000,0.0,0.0000,01/08/2024 11:01:42 am,0.225,-0.01,0.0000,0.000,0.0,0.0000,01/08/2024 11:01:53 am,0.225,5.62,0.0000,-0.002,0.0,0.0016,01/08/2024 11:03:53 am,0.225,0.01,0.0000,0.000,0.0,0.0000,01/08/2024 11:03:58 am,0.225,5.46,-2.4252E-4,0.002,0.0,0.0016
01/08/2024 11:00:36 am,0.250,0.00,0.0000,0.000,0.0,0.0000,01/08/2024 11:00:47 am,0.250,5.18,0.0000,0.000,0.0,0.0000,01/08/2024 11:01:42 am,0.250,-0.02,0.0000,0.000,0.0,0.0000,01/08/2024 11:01:53 am,0.250,5.62,-1.2126E-4,-0.002,0.0,0.0016,01/08/2024 11:03:53 am,0.250,0.01,0.0000,0.000,0.0,0.0000,01/08/2024 11:03:58 am,0.250,5.45,-1.2126E-4,8.084E-4,0.0,8.0842E-4
01/08/2024 11:00:36 am,0.275,0.00,0.0000,0.000,0.0,0.0000,01/08/2024 11:00:47 am,0.275,5.18,0.0000,0.000,0.0,0.0000,01/08/2024 11:01:42 am,0.275,-0.01,0.0000,0.000,0.0,0.0000,01/08/2024 11:01:53 am,0.275,5.62,-1.2126E-4,-8.084E-4,0.0,8.0842E-4,01/08/2024 11:03:53 am,0.275,0.01,0.0000,0.000,0.0,0.0000,01/08/2024 11:03:58 am,0.275,5.43,-1.2126E-4,-8.084E-4,0.0,8.0842E-4
01/08/2024 11:00:36 am,0.300,0.01,0.0000,0.000,0.0,0.0000,01/08/2024 11:00:47 am,0.300,5.18,0.0000,0.000,0.0,0.0000,01/08/2024 11:01:42 am,0.300,0.00,0.0000,0.000,0.0,0.0000,01/08/2024 11:01:53 am,0.300,5.63,-1.2126E-4,0.000,0.0,0.0000,01/08/2024 11:03:53 am,0.300,0.00,0.0000,0.000,0.0,0.0000,01/08/2024 11:03:58 am,0.300,5.43,-2.4252E-4,-0.002,0.0,0.0016
01/08/2024 11:00:36 am,0.325,0.01,0.0000,0.000,0.0,0.0000,01/08/2024 11:00:47 am,0.325,5.18,0.0000,0.000,0.0,0.0000,01/08/2024 11:01:42 am,0.325,-0.01,0.0000,0.000,0.0,0.0000,01/08/2024 11:01:53 am,0.325,5.63,-1.2126E-4,0.000,0.0,0.0000,01/08/2024 11:03:53 am,0.325,0.00,0.0000,0.000,0.0,0.0000,01/08/2024 11:03:58 am,0.325,5.42,-2.4252E-4,-8.084E-4,0.0,8.0842E-4
01/08/2024 11:00:36 am,0.350,0.00,0.0000,0.000,0.0,0.0000,01/08/2024 11:00:47 am,0.350,5.17,0.0000,0.000,0.0,0.0000,01/08/2024 11:01:42 am,0.350,-0.01,0.0000,0.000,0.0,0.0000,01/08/2024 11:01:53 am,0.350,5.62,-1.2126E-4,0.000,0.0,0.0000,01/08/2024 11:03:53 am,0.350,0.00,0.0000,0.000,0.0,0.0000,01/08/2024 11:03:58 am,0.350,5.43,-2.4252E-4,0.000,0.0,0.0000
01/08/2024 11:00:36 am,0.375,0.01,0.0000,0.000,0.0,0.0000,01/08/2024 11:00:47 am,0.375,5.17,0.0000,0.000,0.0,0.0000,01/08/2024 11:01:42 am,0.375,0.00,0.0000,0.000,0.0,0.0000,01/08/2024 11:01:53 am,0.375,5.60,-1.2126E-4,8.084E-4,0.1,8.0842E-4,01/08/2024 11:03:53 am,0.375,0.00,0.0000,0.000,0.0,0.0000,01/08/2024 11:03:58 am,0.375,5.42,-2.4252E-4,0.000,0.0,0.0000
01/08/2024 11:00:36 am,0.400,0.00,0.0000,0.000,0.0,0.0000,01/08/2024 11:00:47 am,0.400,5.17,0.0000,8.084E-4,0.0,8.0842E-4,01/08/2024 11:01:42 am,0.400,0.00,0.0000,0.000,0.0,0.0000,01/08/2024 11:01:53 am,0.400,5.58,-1.2126E-4,0.003,0.4,0.0032,01/08/2024 11:03:53 am,0.400,0.01,0.0000,0.000,0.0,0.0000,01/08/2024 11:03:58 am,0.400,5.42,-2.4252E-4,8.084E-4,0.1,8.0842E-4
01/08/2024 11:00:36 am,0.425,0.00,0.0000,0.000,0.0,0.0000,01/08/2024 11:00:47 am,0.425,5.17,0.0000,0.002,0.0,0.0016,01/08/2024 11:01:42 am,0.425,-0.01,0.0000,0.000,0.0,0.0000,01/08/2024 11:01:53 am,0.425,5.54,0.0000,0.013,1.0,0.0129,01/08/2024 11:03:53 am,0.425,0.00,0.0000,0.000,0.0,0.0000,01/08/2024 11:03:58 am,0.425,5.40,-2.4252E-4,0.002,0.2,0.0024
01/08/2024 11:00:36 am,0.450,0.00,0.0000,0.000,0.0,0.0000,01/08/2024 11:00:47 am,0.450,5.16,1.2126E-4,0.002,0.0,0.0016,01/08/2024 11:01:42 am,0.450,-0.01,0.0000,0.000,0.0,0.0000,01/08/2024 11:01:53 am,0.450,5.46,2.4252E-4,0.044,2.3,0.0445,01/08/2024 11:03:53 am,0.450,0.00,0.0000,0.000,0.0,0.0000,01/08/2024 11:03:58 am,0.450,5.37,-1.2126E-4,0.006,0.6,0.0065
01/08/2024 11:00:36 am,0.475,0.00,0.0000,0.000,0.0,0.0000,01/08/2024 11:00:47 am,0.475,5.16,1.2126E-4,8.084E-4,0.0,8.0842E-4,01/08/2024 11:01:42 am,0.475,0.00,0.0000,0.000,0.0,0.0000,01/08/2024 11:01:53 am,0.475,5.30,0.0015,0.115,4.3,0.1148,01/08/2024 11:03:53 am,0.475,0.00,0.0000,0.000,0.0,0.0000,01/08/2024 11:03:58 am,0.475,5.30,0.0000,0.020,1.7,0.0202
01/08/2024 11:00:36 am,0.500,0.00,0.0000,0.000,0.0,0.0000,01/08/2024 11:00:47 am,0.500,5.16,1.2126E-4,0.000,0.0,0.0000,01/08/2024 11:01:42 am,0.500,0.00,0.0000,0.000,0.0,0.0000,01/08/2024 11:01:53 am,0.500,5.00,0.0051,0.247,6.8,0.2474,01/08/2024 11:03:53 am,0.500,0.00,0.0000,0.000,0.0,0.0000,01/08/2024 11:03:58 am,0.500,5.13,4.8505E-4,0.066,4.0,0.0663
01/08/2024 11:00:36 am,0.525,0.01,0.0000,0.000,0.0,0.0000,01/08/2024 11:00:47 am,0.525,5.16,1.2126E-4,0.000,0.0,0.0000,01/08/2024 11:01:42 am,0.525,-0.01,0.0000,0.000,0.0,0.0000,01/08/2024 11:01:53 am,0.525,4.52,0.0124,0.453,9.2,0.4527,01/08/2024 11:03:53 am,0.525,0.00,0.0000,0.000,0.0,0.0000,01/08/2024 11:03:58 am,0.525,4.77,0.0022,0.195,7.2,0.1948
01/08/2024 11:00:36 am,0.550,0.01,0.0000,0.000,0.0,0.0000,01/08/2024 11:00:47 am,0.550,5.15,1.2126E-4,0.000,0.0,0.0000,01/08/2024 11:01:42 am,0.550,-0.01,0.0000,0.000,0.0,0.0000,01/08/2024 11:01:53 am,0.550,3.92,0.0264,0.723,10.8,0.7227,01/08/2024 11:03:53 am,0.550,0.01,0.0000,0.000,0.0,0.0000,01/08/2024 11:03:58 am,0.550,4.15,0.0076,0.432,10.0,0.4317
01/08/2024 11:00:36 am,0.575,0.00,0.0000,0.000,0.0,0.0000,01/08/2024 11:00:47 am,0.575,5.16,1.2126E-4,0.000,0.0,0.0000,01/08/2024 11:01:42 am,0.575,-0.01,0.0000,0.000,0.0,0.0000,01/08/2024 11:01:53 am,0.575,3.23,0.0480,1.023,11.0,1.0235,01/08/2024 11:03:53 am,0.575,0.00,0.0000,0.000,0.0,0.0000,01/08/2024 11:03:58 am,0.575,3.50,0.0221,0.734,10.9,0.7340
01/08/2024 11:00:36 am,0.600,0.01,0.0000,0.000,0.0,0.0000,01/08/2024 11:00:47 am,0.600,5.17,1.2126E-4,0.000,0.0,0.0000,01/08/2024 11:01:42 am,0.600,0.00,0.0000,0.000,0.0,0.0000,01/08/2024 11:01:53 am,0.600,2.40,0.0779,1.303,9.4,1.3032,01/08/2024 11:03:53 am,0.600,0.00,0.0000,0.000,0.0,0.0000,01/08/2024 11:03:58 am,0.600,2.75,0.0454,1.020,9.8,1.0202
01/08/2024 11:00:36 am,0.625,0.00,0.0000,0.000,0.0,0.0000,01/08/2024 11:00:47 am,0.625,5.16,1.2126E-4,0.000,0.0,0.0000,01/08/2024 11:01:42 am,0.625,-0.01,0.0000,0.000,0.0,0.0000,01/08/2024 11:01:53 am,0.625,1.41,0.1145,1.517,6.7,1.5174,01/08/2024 11:03:53 am,0.625,0.01,0.0000,0.000,0.0,0.0000,01/08/2024 11:03:58 am,0.625,1.94,0.0746,1.240,7.4,1.2401
01/08/2024 11:00:36 am,0.650,0.00,0.0000,0.000,0.0,0.0000,01/08/2024 11:00:47 am,0.650,5.16,1.2126E-4,0.000,0.0,0.0000,01/08/2024 11:01:42 am,0.650,0.00,0.0000,0.000,0.0,0.0000,01/08/2024 11:01:53 am,0.650,0.27,0.1555,1.642,3.8,1.6419,01/08/2024 11:03:53 am,0.650,0.00,0.0000,0.000,0.0,0.0000,01/08/2024 11:03:58 am,0.650,1.01,0.1082,1.389,4.7,1.3889
01/08/2024 11:00:36 am,0.675,0.00,0.0000,0.000,0.0,0.0000,01/08/2024 11:00:47 am,0.675,5.16,1.2126E-4,0.000,0.0,0.0000,01/08/2024 11:01:42 am,0.675,0.00,0.0000,0.000,0.0,0.0000,01/08/2024 11:01:53 am,0.675,-0.03,0.1980,1.689,1.5,1.6888,01/08/2024 11:03:53 am,0.675,0.00,0.0000,0.000,0.0,0.0000,01/08/2024 11:03:58 am,0.675,0.13,0.1453,1.471,2.5,1.4713
01/08/2024 11:00:36 am,0.700,0.00,0.0000,0.000,0.0,0.0000,01/08/2024 11:00:47 am,0.700,5.15,1.2126E-4,8.084E-4,0.0,8.0842E-4,01/08/2024 11:01:42 am,0.700,0.00,0.0000,0.000,0.0,0.0000,01/08/2024 11:01:53 am,0.700,-0.02,0.2406,1.697,0.2,1.6969,01/08/2024 11:03:53 am,0.700,0.01,0.0000,0.000,0.0,0.0000,01/08/2024 11:03:58 am,0.700,-0.02,0.1830,1.500,0.9,1.4996
01/08/2024 11:00:36 am,0.725,0.00,0.0000,0.000,0.0,0.0000,01/08/2024 11:00:47 am,0.725,5.15,1.2126E-4,0.002,0.0,0.0016,01/08/2024 11:01:42 am,0.725,0.00,0.0000,0.000,0.0,0.0000,01/08/2024 11:01:53 am,0.725,-0.04,0.2827,1.694,-0.7,1.6936,01/08/2024 11:03:53 am,0.725,0.00,0.0000,0.000,0.0,0.0000,01/08/2024 11:03:58 am,0.725,-0.01,0.2205,1.500,0.2,1.4996
01/08/2024 11:00:36 am,0.750,0.00,0.0000,0.000,0.0,0.0000,01/08/2024 11:00:47 am,0.750,5.15,2.4252E-4,8.084E-4,0.0,8.0842E-4,01/08/2024 11:01:42 am,0.750,0.00,0.0000,0.000,0.0,0.0000,01/08/2024 11:01:53 am,0.750,-0.07,0.3253,1.674,-2.2,1.6742,01/08/2024 11:03:53 am,0.750,-0.01,0.0000,0.000,0.0,0.0000,01/08/2024 11:03:58 am,0.750,-0.01,0.2579,1.498,-0.2,1.4980
01/08/2024 11:00:36 am,0.775,0.00,0.0000,0.000,0.0,0.0000,01/08/2024 11:00:47 am,0.775,5.15,2.4252E-4,-8.084E-4,0.0,8.0842E-4,01/08/2024 11:01:42 am,0.775,0.00,0.0000,0.000,0.0,0.0000,01/08/2024 11:01:53 am,0.775,-0.30,0.3673,1.605,-4.6,1.6047,01/08/2024 11:03:53 am,0.775,0.00,0.0000,0.000,0.0,0.0000,01/08/2024 11:03:58 am,0.775,-0.01,0.2953,1.496,-0.5,1.4956
01/08/2024 11:00:36 am,0.800,0.01,0.0000,0.000,0.0,0.0000,01/08/2024 11:00:47 am,0.800,5.15,1.2126E-4,-0.002,0.0,0.0016,01/08/2024 11:01:42 am,0.800,0.00,0.0000,0.000,0.0,0.0000,01/08/2024 11:01:53 am,0.800,-0.45,0.4071,1.454,-7.4,1.4543,01/08/2024 11:03:53 am,0.800,0.00,0.0000,0.000,0.0,0.0000,01/08/2024 11:03:58 am,0.800,-0.02,0.3329,1.481,-1.4,1.4810
01/08/2024 11:00:36 am,0.825,0.00,0.0000,0.000,0.0,0.0000,01/08/2024 11:00:47 am,0.825,5.15,1.2126E-4,0.000,0.0,0.0000,01/08/2024 11:01:42 am,0.825,-0.01,0.0000,0.000,0.0,0.0000,01/08/2024 11:01:53 am,0.825,-0.49,0.4416,1.230,-9.9,1.2296,01/08/2024 11:03:53 am,0.825,0.00,0.0000,0.000,0.0,0.0000,01/08/2024 11:03:58 am,0.825,-0.13,0.3698,1.434,-2.8,1.4341
01/08/2024 11:00:36 am,0.850,0.01,0.0000,0.000,0.0,0.0000,01/08/2024 11:00:47 am,0.850,5.14,1.2126E-4,0.002,0.0,0.0016,01/08/2024 11:01:42 am,0.850,0.00,0.0000,0.000,0.0,0.0000,01/08/2024 11:01:53 am,0.850,-0.53,0.4692,0.945,-11.4,0.9450,01/08/2024 11:03:53 am,0.850,0.00,0.0000,0.000,0.0,0.0000,01/08/2024 11:03:58 am,0.850,-0.20,0.4055,1.344,-4.1,1.3444
01/08/2024 11:00:36 am,0.875,0.00,0.0000,0.000,0.0,0.0000,01/08/2024 11:00:47 am,0.875,5.15,2.4252E-4,8.084E-4,0.0,8.0842E-4,01/08/2024 11:01:42 am,0.875,0.00,0.0000,0.000,0.0,0.0000,01/08/2024 11:01:53 am,0.875,-0.53,0.4897,0.635,-11.7,0.6346,01/08/2024 11:03:53 am,0.875,0.00,0.0000,0.000,0.0,0.0000,01/08/2024 11:03:58 am,0.875,-0.21,0.4378,1.217,-5.0,1.2167
01/08/2024 11:00:36 am,0.900,0.01,0.0000,0.000,0.0,0.0000,01/08/2024 11:00:47 am,0.900,5.14,2.4252E-4,-8.084E-4,0.0,8.0842E-4,01/08/2024 11:01:42 am,0.900,0.00,0.0000,0.000,0.0,0.0000,01/08/2024 11:01:53 am,0.900,-0.56,0.5008,0.338,-10.6,0.3379,01/08/2024 11:03:53 am,0.900,0.00,0.0000,0.000,0.0,0.0000,01/08/2024 11:03:58 am,0.900,-0.25,0.4666,1.076,-4.9,1.0760
01/08/2024 11:00:36 am,0.925,0.01,0.0000,0.000,0.0,0.0000,01/08/2024 11:00:47 am,0.925,5.14,1.2126E-4,-0.002,0.0,0.0016,01/08/2024 11:01:42 am,0.925,0.00,0.0000,0.000,0.0,0.0000,01/08/2024 11:01:53 am,0.925,-0.59,0.5052,0.087,-8.8,0.0873,01/08/2024 11:03:53 am,0.925,0.00,0.0000,0.000,0.0,0.0000,01/08/2024 11:03:58 am,0.925,-0.28,0.4912,0.956,-4.1,0.9564
01/08/2024 11:00:36 am,0.950,0.01,0.0000,0.000,0.0,0.0000,01/08/2024 11:00:47 am,0.950,5.14,1.2126E-4,-8.084E-4,0.0,8.0842E-4,01/08/2024 11:01:42 am,0.950,0.00,0.0000,0.000,0.0,0.0000,01/08/2024 11:01:53 am,0.950,-0.61,0.5043,-0.103,-6.6,0.1027,01/08/2024 11:03:53 am,0.950,0.00,0.0000,0.000,0.0,0.0000,01/08/2024 11:03:58 am,0.950,-0.26,0.5134,0.870,-3.4,0.8699
01/08/2024 11:00:36 am,0.975,0.01,0.0000,0.000,0.0,0.0000,01/08/2024 11:00:47 am,0.975,5.13,1.2126E-4,0.000,0.0,0.0000,01/08/2024 11:01:42 am,0.975,0.00,0.0000,0.000,0.0,0.0000,01/08/2024 11:01:53 am,0.975,-0.62,0.4992,-0.240,-4.5,0.2401,01/08/2024 11:03:53 am,0.975,0.00,0.0000,0.000,0.0,0.0000,01/08/2024 11:03:58 am,0.975,-0.27,0.5344,0.800,-3.4,0.8003
01/08/2024 11:00:37 am,1.000,0.01,0.0000,0.000,0.0,0.0000,01/08/2024 11:00:48 am,1.000,5.15,1.2126E-4,0.000,0.0,0.0000,01/08/2024 11:01:43 am,1.000,0.00,0.0000,0.000,0.0,0.0000,01/08/2024 11:01:54 am,1.000,-0.64,0.4914,-0.325,-2.7,0.3250,01/08/2024 11:03:54 am,1.000,0.00,0.0000,-8.084E-4,-0.1,8.0842E-4,01/08/2024 11:03:59 am,1.000,-0.26,0.5539,0.715,-3.8,0.7154
01/08/2024 11:00:37 am,1.025,0.00,0.0000,0.000,0.0,0.0000,01/08/2024 11:00:48 am,1.025,5.14,1.2126E-4,0.000,0.0,0.0000,01/08/2024 11:01:43 am,1.025,-0.01,0.0000,0.000,0.0,0.0000,01/08/2024 11:01:54 am,1.025,-0.50,0.4821,-0.366,-1.4,0.3662,01/08/2024 11:03:54 am,1.025,0.01,0.0000,-0.003,-0.2,0.0032,01/08/2024 11:03:59 am,1.025,-0.25,0.5708,0.607,-4.3,0.6071
01/08/2024 11:00:37 am,1.050,0.00,0.0000,0.000,0.0,0.0000,01/08/2024 11:00:48 am,1.050,5.15,1.2126E-4,0.000,0.0,0.0000,01/08/2024 11:01:43 am,1.050,0.00,0.0000,0.000,0.0,0.0000,01/08/2024 11:01:54 am,1.050,-0.16,0.4727,-0.382,-0.6,0.3824,01/08/2024 11:03:54 am,1.050,0.01,-1.2126E-4,-0.011,-0.3,0.0105,01/08/2024 11:03:59 am,1.050,-0.24,0.5844,0.489,-4.4,0.4891
01/08/2024 11:00:37 am,1.075,0.01,0.0000,0.000,0.0,0.0000,01/08/2024 11:00:48 am,1.075,5.14,1.2126E-4,0.000,0.0,0.0000,01/08/2024 11:01:43 am,1.075,0.00,0.0000,0.000,0.0,0.0000,01/08/2024 11:01:54 am,1.075,-0.03,0.4630,-0.389,-0.2,0.3888,01/08/2024 11:03:54 am,1.075,0.01,-3.6379E-4,-0.020,-0.2,0.0202,01/08/2024 11:03:59 am,1.075,-0.28,0.5950,0.378,-4.1,0.3775
01/08/2024 11:00:37 am,1.100,0.01,0.0000,0.000,0.0,0.0000,01/08/2024 11:00:48 am,1.100,5.15,1.2126E-4,0.000,0.0,0.0000,01/08/2024 11:01:43 am,1.100,0.00,0.0000,0.000,0.0,0.0000,01/08/2024 11:01:54 am,1.100,-0.02,0.4532,-0.391,-0.1,0.3913,01/08/2024 11:03:54 am,1.100,0.01,-0.0012,-0.025,-0.1,0.0251,01/08/2024 11:03:59 am,1.100,-0.29,0.6030,0.280,-3.6,0.2797
01/08/2024 11:00:37 am,1.125,0.01,0.0000,0.000,0.0,0.0000,01/08/2024 11:00:48 am,1.125,5.14,1.2126E-4,0.000,0.0,0.0000,01/08/2024 11:01:43 am,1.125,0.00,0.0000,0.000,0.0,0.0000,01/08/2024 11:01:54 am,1.125,-0.02,0.4433,-0.390,0.0,0.3905,01/08/2024 11:03:54 am,1.125,0.01,-0.0019,-0.023,0.1,0.0234,01/08/2024 11:03:59 am,1.125,-0.31,0.6087,0.197,-3.1,0.1973
01/08/2024 11:00:37 am,1.150,0.01,0.0000,0.000,0.0,0.0000,01/08/2024 11:00:48 am,1.150,5.15,1.2126E-4,-8.084E-4,0.0,8.0842E-4,01/08/2024 11:01:43 am,1.150,0.00,0.0000,0.000,0.0,0.0000,01/08/2024 11:01:54 am,1.150,-0.02,0.4336,-0.389,0.1,0.3888,01/08/2024 11:03:54 am,1.150,0.03,-0.0023,-0.019,0.1,0.0186,01/08/2024 11:03:59 am,1.150,-0.32,0.6126,0.129,-2.5,0.1285
01/08/2024 11:00:37 am,1.175,0.00,0.0000,0.000,0.0,0.0000,01/08/2024 11:00:48 am,1.175,5.15,1.2126E-4,-0.002,0.0,0.0016,01/08/2024 11:01:43 am,1.175,0.00,0.0000,0.000,0.0,0.0000,01/08/2024 11:01:54 am,1.175,-0.02,0.4239,-0.386,0.3,0.3856,01/08/2024 11:03:54 am,1.175,0.05,-0.0028,-0.018,-0.1,0.0178,01/08/2024 11:03:59 am,1.175,-0.33,0.6150,0.071,-2.1,0.0711
01/08/2024 11:00:37 am,1.200,0.01,0.0000,0.000,0.0,0.0000,01/08/2024 11:00:48 am,1.200,5.15,0.0000,-0.002,0.0,0.0016,01/08/2024 11:01:43 am,1.200,0.00,0.0000,0.000,0.0,0.0000,01/08/2024 11:01:54 am,1.200,-0.02,0.4142,-0.376,0.7,0.3759,01/08/2024 11:03:54 am,1.200,0.07,-0.0032,-0.023,-0.3,0.0226,01/08/2024 11:03:59 am,1.200,-0.32,0.6160,0.023,-1.8,0.0234
01/08/2024 11:00:37 am,1.225,0.00,0.0000,0.000,0.0,0.0000,01/08/2024 11:00:48 am,1.225,5.14,0.0000,-8.084E-4,0.0,8.0842E-4,01/08/2024 11:01:43 am,1.225,0.00,0.0000,0.000,0.0,0.0000,01/08/2024 11:01:54 am,1.225,-0.03,0.4049,-0.352,1.0,0.3517,01/08/2024 11:03:54 am,1.225,0.06,-0.0038,-0.033,-0.5,0.0331,01/08/2024 11:03:59 am,1.225,-0.33,0.6160,-0.017,-1.6,0.0170
01/08/2024 11:00:37 am,1.250,0.00,0.0000,0.000,0.0,0.0000,01/08/2024 11:00:48 am,1.250,5.14,0.0000,8.084E-4,0.1,8.0842E-4,01/08/2024 11:01:43 am,1.250,0.00,0.0000,0.000,0.0,0.0000,01/08/2024 11:01:54 am,1.250,-0.04,0.3963,-0.319,1.1,0.3193,01/08/2024 11:03:54 am,1.250,0.10,-0.0047,-0.048,-0.5,0.0477,01/08/2024 11:03:59 am,1.250,-0.33,0.6152,-0.053,-1.5,0.0534
01/08/2024 11:00:37 am,1.275,0.01,0.0000,0.000,0.0,0.0000,01/08/2024 11:00:48 am,1.275,5.13,0.0000,0.002,0.2,0.0016,01/08/2024 11:01:43 am,1.275,-0.01,0.0000,0.000,0.0,0.0000,01/08/2024 11:01:54 am,1.275,-0.01,0.3891,-0.292,0.8,0.2918,01/08/2024 11:03:54 am,1.275,0.19,-0.0062,-0.062,-0.5,0.0622,01/08/2024 11:03:59 am,1.275,-0.33,0.6133,-0.090,-1.5,0.0897
01/08/2024 11:00:37 am,1.300,0.01,0.0000,0.000,0.0,0.0000,01/08/2024 11:00:48 am,1.300,5.11,1.2126E-4,0.004,1.1,0.0040,01/08/2024 11:01:43 am,1.300,0.00,0.0000,0.000,0.0,0.0000,01/08/2024 11:01:54 am,1.300,0.00,0.3821,-0.277,0.4,0.2773,01/08/2024 11:03:54 am,1.300,0.37,-0.0079,-0.074,-0.5,0.0744,01/08/2024 11:03:59 am,1.300,-0.32,0.6107,-0.127,-1.5,0.1269
01/08/2024 11:00:37 am,1.325,0.01,0.0000,0.000,0.0,0.0000,01/08/2024 11:00:48 am,1.325,5.05,1.2126E-4,0.029,3.4,0.0291,01/08/2024 11:01:43 am,1.325,0.00,0.0000,0.000,0.0,0.0000,01/08/2024 11:01:54 am,1.325,0.00,0.3753,-0.273,0.2,0.2732,01/08/2024 11:03:54 am,1.325,0.59,-0.0099,-0.084,-0.4,0.0841,01/08/2024 11:03:59 am,1.325,-0.33,0.6070,-0.165,-1.4,0.1649
01/08/2024 11:00:37 am,1.350,0.01,0.0000,0.000,0.0,0.0000,01/08/2024 11:00:48 am,1.350,4.88,4.8505E-4,0.138,6.9,0.1382,01/08/2024 11:01:43 am,1.350,0.00,0.0000,0.000,0.0,0.0000,01/08/2024 11:01:54 am,1.350,-0.01,0.3685,-0.271,0.1,0.2708,01/08/2024 11:03:54 am,1.350,0.75,-0.0121,-0.094,-0.4,0.0938,01/08/2024 11:03:59 am,1.350,-0.33,0.6024,-0.201,-1.3,0.2013
01/08/2024 11:00:37 am,1.375,0.01,0.0000,0.000,0.0,0.0000,01/08/2024 11:00:48 am,1.375,4.44,0.0040,0.373,10.5,0.3735,01/08/2024 11:01:43 am,1.375,0.00,0.0000,0.000,0.0,0.0000,01/08/2024 11:01:54 am,1.375,0.00,0.3617,-0.269,0.1,0.2692,01/08/2024 11:03:54 am,1.375,0.91,-0.0146,-0.103,-0.4,0.1035,01/08/2024 11:03:59 am,1.375,-0.34,0.5969,-0.232,-1.1,0.2320
01/08/2024 11:00:37 am,1.400,0.02,0.0000,0.000,0.0,0.0000,01/08/2024 11:00:48 am,1.400,3.87,0.0170,0.702,12.1,0.7017,01/08/2024 11:01:43 am,1.400,0.01,0.0000,-8.084E-4,-0.1,8.0842E-4,01/08/2024 11:01:54 am,1.400,0.00,0.3551,-0.267,0.1,0.2668,01/08/2024 11:03:54 am,1.400,1.09,-0.0173,-0.112,-0.3,0.1124,01/08/2024 11:03:59 am,1.400,-0.33,0.5907,-0.256,-0.9,0.2563
01/08/2024 11:00:37 am,1.425,0.00,0.0000,0.000,0.0,0.0000,01/08/2024 11:00:48 am,1.425,3.18,0.0397,1.034,11.4,1.0340,01/08/2024 11:01:43 am,1.425,0.00,0.0000,-0.003,-0.1,0.0032,01/08/2024 11:01:54 am,1.425,-0.01,0.3484,-0.266,0.0,0.2660,01/08/2024 11:03:54 am,1.425,1.24,-0.0203,-0.120,-0.3,0.1196,01/08/2024 11:03:59 am,1.425,-0.32,0.5840,-0.276,-0.7,0.2757
01/08/2024 11:00:37 am,1.450,0.01,0.0000,0.000,0.0,0.0000,01/08/2024 11:00:48 am,1.450,2.38,0.0701,1.299,8.8,1.2991,01/08/2024 11:01:43 am,1.450,0.00,-1.2126E-4,-0.006,-0.1,0.0057,01/08/2024 11:01:54 am,1.450,-0.01,0.3418,-0.266,0.0,0.2660,01/08/2024 11:03:54 am,1.450,1.37,-0.0233,-0.128,-0.4,0.1277,01/08/2024 11:03:59 am,1.450,-0.32,0.5768,-0.291,-0.5,0.2910
01/08/2024 11:00:37 am,1.475,0.00,0.0000,0.000,0.0,0.0000,01/08/2024 11:00:48 am,1.475,1.43,0.1060,1.479,5.7,1.4786,01/08/2024 11:01:43 am,1.475,0.00,-3.6379E-4,-0.007,-0.1,0.0073,01/08/2024 11:01:54 am,1.475,-0.01,0.3350,-0.266,0.0,0.2660,01/08/2024 11:03:54 am,1.475,1.52,-0.0266,-0.137,-0.4,0.1374,01/08/2024 11:03:59 am,1.475,-0.20,0.5693,-0.302,-0.3,0.3015
01/08/2024 11:00:37 am,1.500,0.01,0.0000,0.000,0.0,0.0000,01/08/2024 11:00:48 am,1.500,0.28,0.1455,1.576,3.1,1.5764,01/08/2024 11:01:43 am,1.500,0.00,-4.8505E-4,-0.010,-0.2,0.0097,01/08/2024 11:01:54 am,1.500,0.00,0.3285,-0.266,0.0,0.2660,01/08/2024 11:03:54 am,1.500,1.68,-0.0302,-0.149,-0.4,0.1487,01/08/2024 11:03:59 am,1.500,-0.09,0.5617,-0.307,-0.2,0.3072
01/08/2024 11:00:37 am,1.525,0.00,0.0000,0.000,0.0,0.0000,01/08/2024 11:00:48 am,1.525,-0.01,0.1860,1.614,1.2,1.6144,01/08/2024 11:01:43 am,1.525,0.01,-7.2757E-4,-0.015,-0.2,0.0146,01/08/2024 11:01:54 am,1.525,0.00,0.3218,-0.265,-7.8E-15,0.2652,01/08/2024 11:03:54 am,1.525,1.81,-0.0340,-0.160,-0.4,0.1601,01/08/2024 11:03:59 am,1.525,-0.06,0.5539,-0.310,-0.1,0.3096
01/08/2024 11:00:37 am,1.550,0.01,0.0000,0.000,0.0,0.0000,01/08/2024 11:00:48 am,1.550,-0.04,0.2265,1.621,0.3,1.6209,01/08/2024 11:01:43 am,1.550,0.00,-0.0012,-0.021,-0.3,0.0210,01/08/2024 11:01:54 am,1.550,0.00,0.3152,-0.266,0.0,0.2660,01/08/2024 11:03:54 am,1.550,1.96,-0.0382,-0.169,-0.3,0.1690,01/08/2024 11:03:59 am,1.550,-0.05,0.5462,-0.311,0.0,0.3112
01/08/2024 11:00:37 am,1.575,0.00,0.0000,0.000,0.0,0.0000,01/08/2024 11:00:48 am,1.575,-0.04,0.2671,1.620,-0.3,1.6201,01/08/2024 11:01:43 am,1.575,0.00,-0.0018,-0.027,-0.3,0.0275,01/08/2024 11:01:54 am,1.575,0.00,0.3086,-0.266,0.0,0.2660,01/08/2024 11:03:54 am,1.575,2.11,-0.0426,-0.173,-0.1,0.1730,01/08/2024 11:03:59 am,1.575,-0.03,0.5384,-0.312,0.0,0.3120
01/08/2024 11:00:37 am,1.600,0.01,0.0000,0.000,0.0,0.0000,01/08/2024 11:00:48 am,1.600,-0.02,0.3075,1.614,-1.2,1.6136,01/08/2024 11:01:43 am,1.600,0.01,-0.0025,-0.035,-0.3,0.0348,01/08/2024 11:01:54 am,1.600,0.00,0.3018,-0.265,0.0,0.2652,01/08/2024 11:03:54 am,1.600,2.25,-0.0469,-0.174,-0.1,0.1738,01/08/2024 11:03:59 am,1.600,0.00,0.5305,-0.312,0.0,0.3120
01/08/2024 11:00:37 am,1.625,0.01,0.0000,0.000,0.0,0.0000,01/08/2024 11:00:48 am,1.625,-0.08,0.3480,1.570,-2.6,1.5699,01/08/2024 11:01:43 am,1.625,0.02,-0.0035,-0.044,-0.4,0.0445,01/08/2024 11:01:54 am,1.625,-0.01,0.2953,-0.264,0.0,0.2644,01/08/2024 11:03:54 am,1.625,2.36,-0.0512,-0.175,0.0,0.1746,01/08/2024 11:03:59 am,1.625,0.00,0.5228,-0.311,-0.1,0.3112
01/08/2024 11:00:37 am,1.650,0.01,0.0000,0.000,0.0,0.0000,01/08/2024 11:00:48 am,1.650,-0.25,0.3877,1.487,-4.6,1.4875,01/08/2024 11:01:43 am,1.650,0.02,-0.0047,-0.054,-0.3,0.0542,01/08/2024 11:01:54 am,1.650,-0.01,0.2887,-0.264,0.1,0.2635,01/08/2024 11:03:54 am,1.650,2.47,-0.0557,-0.176,0.0,0.1762,01/08/2024 11:03:59 am,1.650,0.00,0.5150,-0.313,-0.3,0.3129
01/08/2024 11:00:37 am,1.675,0.00,0.0000,0.000,0.0,0.0000,01/08/2024 11:00:48 am,1.675,-0.28,0.4225,1.360,-7.0,1.3598,01/08/2024 11:01:43 am,1.675,0.03,-0.0063,-0.061,-0.3,0.0614,01/08/2024 11:01:54 am,1.675,0.00,0.2821,-0.262,0.2,0.2619,01/08/2024 11:03:54 am,1.675,2.58,-0.0600,-0.175,0.1,0.1754,01/08/2024 11:03:59 am,1.675,-0.01,0.5072,-0.324,-0.7,0.3242
01/08/2024 11:00:37 am,1.700,0.01,0.0000,0.000,0.0,0.0000,01/08/2024 11:00:48 am,1.700,-0.30,0.4562,1.140,-9.4,1.1399,01/08/2024 11:01:43 am,1.700,0.05,-0.0079,-0.067,-0.3,0.0671,01/08/2024 11:01:54 am,1.700,0.05,0.2755,-0.257,0.3,0.2571,01/08/2024 11:03:54 am,1.700,2.68,-0.0645,-0.171,0.2,0.1714,01/08/2024 11:03:59 am,1.700,-0.04,0.4991,-0.348,-1.1,0.3484
01/08/2024 11:00:37 am,1.725,0.01,0.0000,0.000,0.0,0.0000,01/08/2024 11:00:48 am,1.725,-0.32,0.4835,0.862,-10.6,0.8618,01/08/2024 11:01:43 am,1.725,0.08,-0.0096,-0.074,-0.3,0.0744,01/08/2024 11:01:54 am,1.725,0.05,0.2692,-0.248,0.5,0.2482,01/08/2024 11:03:54 am,1.725,2.77,-0.0686,-0.165,0.2,0.1649,01/08/2024 11:03:59 am,1.725,-0.06,0.4900,-0.382,-1.2,0.3816
01/08/2024 11:00:37 am,1.750,0.01,0.0000,0.000,0.0,0.0000,01/08/2024 11:00:48 am,1.750,-0.38,0.4977,0.576,-10.3,0.5764,01/08/2024 11:01:43 am,1.750,0.15,-0.0115,-0.083,-0.2,0.0833,01/08/2024 11:01:54 am,1.750,0.15,0.2630,-0.234,0.8,0.2336,01/08/2024 11:03:54 am,1.750,2.85,-0.0728,-0.158,0.2,0.1576,01/08/2024 11:03:59 am,1.750,-0.07,0.4800,-0.414,-1.0,0.4139
01/08/2024 11:00:37 am,1.775,0.01,0.0000,0.000,0.0,0.0000,01/08/2024 11:00:48 am,1.775,-0.42,0.5103,0.333,-9.4,0.3331,01/08/2024 11:01:43 am,1.775,0.27,-0.0138,-0.089,-0.1,0.0889,01/08/2024 11:01:54 am,1.775,0.29,0.2573,-0.210,1.1,0.2102,01/08/2024 11:03:54 am,1.775,2.92,-0.0765,-0.153,0.1,0.1528,01/08/2024 11:03:59 am,1.775,-0.06,0.4692,-0.437,-0.7,0.4374
01/08/2024 11:00:37 am,1.800,0.00,0.0000,0.000,0.0,0.0000,01/08/2024 11:00:48 am,1.800,-0.38,0.5158,0.120,-8.1,0.1196,01/08/2024 11:01:43 am,1.800,0.40,-0.0161,-0.088,0.0,0.0881,01/08/2024 11:01:54 am,1.800,0.37,0.2523,-0.179,1.3,0.1787,01/08/2024 11:03:54 am,1.800,3.00,-0.0803,-0.152,0.0,0.1520,01/08/2024 11:03:59 am,1.800,-0.04,0.4579,-0.449,-0.4,0.4495
01/08/2024 11:00:37 am,1.825,0.00,0.0000,0.000,0.0,0.0000,01/08/2024 11:00:48 am,1.825,-0.40,0.5152,-0.084,-6.6,0.0841,01/08/2024 11:01:43 am,1.825,0.48,-0.0183,-0.085,0.0,0.0849,01/08/2024 11:01:54 am,1.825,0.38,0.2483,-0.143,1.3,0.1431,01/08/2024 11:03:54 am,1.825,3.08,-0.0840,-0.155,-0.1,0.1552,01/08/2024 11:03:59 am,1.825,0.00,0.4465,-0.454,-0.1,0.4535
01/08/2024 11:00:37 am,1.850,0.01,0.0000,0.000,0.0,0.0000,01/08/2024 11:00:48 am,1.850,-0.42,0.5106,-0.229,-4.7,0.2288,01/08/2024 11:01:43 am,1.850,0.58,-0.0203,-0.087,-0.3,0.0865,01/08/2024 11:01:54 am,1.850,0.33,0.2452,-0.109,1.2,0.1091,01/08/2024 11:03:54 am,1.850,3.15,-0.0880,-0.158,-5.6E-16,0.1576,01/08/2024 11:03:59 am,1.850,0.01,0.4352,-0.454,0.0,0.4535
01/08/2024 11:00:37 am,1.875,0.01,0.0000,0.000,0.0,0.0000,01/08/2024 11:00:48 am,1.875,-0.43,0.5029,-0.315,-2.7,0.3153,01/08/2024 11:01:43 am,1.875,0.69,-0.0224,-0.098,-0.5,0.0978,01/08/2024 11:01:54 am,1.875,0.24,0.2430,-0.082,0.9,0.0816,01/08/2024 11:03:54 am,1.875,3.23,-0.0920,-0.156,0.1,0.1560,01/08/2024 11:03:59 am,1.875,0.00,0.4238,-0.453,0.0,0.4527
01/08/2024 11:00:37 am,1.900,0.01,0.0000,0.000,0.0,0.0000,01/08/2024 11:00:48 am,1.900,-0.13,0.4939,-0.356,-1.3,0.3557,01/08/2024 11:01:43 am,1.900,0.84,-0.0250,-0.116,-0.7,0.1164,01/08/2024 11:01:54 am,1.900,0.17,0.2413,-0.062,0.7,0.0622,01/08/2024 11:03:54 am,1.900,3.33,-0.0959,-0.151,0.1,0.1512,01/08/2024 11:03:59 am,1.900,0.01,0.4125,-0.454,-0.1,0.4535
01/08/2024 11:00:37 am,1.925,0.01,0.0000,0.000,0.0,0.0000,01/08/2024 11:00:48 am,1.925,0.00,0.4847,-0.367,-0.4,0.3670,01/08/2024 11:01:43 am,1.925,1.01,-0.0283,-0.136,-0.7,0.1358,01/08/2024 11:01:54 am,1.925,0.14,0.2400,-0.049,0.5,0.0493,01/08/2024 11:03:54 am,1.925,3.39,-0.0996,-0.148,0.1,0.1479,01/08/2024 11:03:59 am,1.925,-0.01,0.4013,-0.457,-0.2,0.4568
01/08/2024 11:00:37 am,1.950,0.01,0.0000,0.000,0.0,0.0000,01/08/2024 11:00:48 am,1.950,0.00,0.4755,-0.368,-0.1,0.3678,01/08/2024 11:01:43 am,1.950,1.19,-0.0319,-0.152,-0.6,0.1520,01/08/2024 11:01:54 am,1.950,0.15,0.2389,-0.038,0.5,0.0380,01/08/2024 11:03:54 am,1.950,3.47,-0.1032,-0.148,0.0,0.1479,01/08/2024 11:03:59 am,1.950,-0.03,0.3897,-0.466,-0.4,0.4656
01/08/2024 11:00:37 am,1.975,0.00,0.0000,0.000,0.0,0.0000,01/08/2024 11:00:48 am,1.975,0.00,0.4663,-0.367,0.0,0.3670,01/08/2024 11:01:43 am,1.975,1.36,-0.0359,-0.163,-0.4,0.1633,01/08/2024 11:01:54 am,1.975,0.17,0.2380,-0.027,0.5,0.0275,01/08/2024 11:03:54 am,1.975,3.54,-0.1070,-0.150,0.0,0.1504,01/08/2024 11:03:59 am,1.975,-0.04,0.3781,-0.478,-0.4,0.4778
01/08/2024 11:00:38 am,2.000,0.01,0.0000,0.000,0.0,0.0000,01/08/2024 11:00:49 am,2.000,-0.01,0.4572,-0.366,0.1,0.3662,01/08/2024 11:01:44 am,2.000,1.54,-0.0401,-0.172,-0.3,0.1722,01/08/2024 11:01:55 am,2.000,0.20,0.2376,-0.016,0.5,0.0162,01/08/2024 11:03:55 am,2.000,3.60,-0.1107,-0.151,0.0,0.1512,01/08/2024 11:04:00 am,2.000,-0.03,0.3658,-0.489,-0.3,0.4891
01/08/2024 11:00:38 am,2.025,0.01,0.0000,0.000,0.0,0.0000,01/08/2024 11:00:49 am,2.025,0.00,0.4479,-0.365,0.1,0.3646,01/08/2024 11:01:44 am,2.025,1.70,-0.0445,-0.179,-0.2,0.1787,01/08/2024 11:01:55 am,2.025,0.18,0.2372,-0.003,0.5,0.0032,01/08/2024 11:03:55 am,2.025,3.66,-0.1146,-0.149,0.1,0.1487,01/08/2024 11:04:00 am,2.025,-0.02,0.3535,-0.496,-0.2,0.4964
01/08/2024 11:00:38 am,2.050,0.00,0.0000,0.000,0.0,0.0000,01/08/2024 11:00:49 am,2.050,0.00,0.4388,-0.362,0.4,0.3622,01/08/2024 11:01:44 am,2.050,1.84,-0.0491,-0.182,0.0,0.1819,01/08/2024 11:01:55 am,2.050,0.17,0.2373,0.011,0.5,0.0113,01/08/2024 11:03:55 am,2.050,3.74,-0.1182,-0.146,0.0,0.1455,01/08/2024 11:04:00 am,2.050,0.00,0.3410,-0.499,-0.1,0.4988
01/08/2024 11:00:38 am,2.075,0.00,0.0000,0.000,0.0,0.0000,01/08/2024 11:00:49 am,2.075,0.00,0.4299,-0.350,1.0,0.3500,01/08/2024 11:01:44 am,2.075,1.98,-0.0537,-0.180,0.1,0.1803,01/08/2024 11:01:55 am,2.075,0.15,0.2378,0.026,0.5,0.0259,01/08/2024 11:03:55 am,2.075,3.82,-0.1217,-0.146,-0.1,0.1455,01/08/2024 11:04:00 am,2.075,0.00,0.3285,-0.499,0.0,0.4988
01/08/2024 11:00:38 am,2.100,0.01,0.0000,0.000,0.0,0.0000,01/08/2024 11:00:49 am,2.100,-0.01,0.4209,-0.314,1.7,0.3145,01/08/2024 11:01:44 am,2.100,2.10,-0.0582,-0.174,0.3,0.1738,01/08/2024 11:01:55 am,2.100,0.14,0.2386,0.037,0.4,0.0372,01/08/2024 11:03:55 am,2.100,3.90,-0.1254,-0.150,-0.1,0.1496,01/08/2024 11:04:00 am,2.100,-0.01,0.3160,-0.496,0.1,0.4964
01/08/2024 11:00:38 am,2.125,0.01,0.0000,0.000,0.0,0.0000,01/08/2024 11:00:49 am,2.125,-0.03,0.4134,-0.258,1.9,0.2579,01/08/2024 11:01:44 am,2.125,2.20,-0.0625,-0.165,0.3,0.1649,01/08/2024 11:01:55 am,2.125,0.13,0.2397,0.044,0.2,0.0445,01/08/2024 11:03:55 am,2.125,3.99,-0.1293,-0.154,-0.1,0.1536,01/08/2024 11:04:00 am,2.125,0.00,0.3036,-0.494,0.1,0.4939
01/08/2024 11:00:38 am,2.150,0.01,0.0000,0.000,0.0,0.0000,01/08/2024 11:00:49 am,2.150,-0.01,0.4082,-0.205,1.5,0.2045,01/08/2024 11:01:44 am,2.150,2.30,-0.0665,-0.157,0.2,0.1568,01/08/2024 11:01:55 am,2.150,0.14,0.2409,0.048,0.1,0.0477,01/08/2024 11:03:55 am,2.150,4.07,-0.1331,-0.156,-0.1,0.1560,01/08/2024 11:04:00 am,2.150,0.00,0.2914,-0.493,0.0,0.4931
01/08/2024 11:00:38 am,2.175,0.00,0.0000,0.000,0.0,0.0000,01/08/2024 11:00:49 am,2.175,0.01,0.4039,-0.177,0.8,0.1770,01/08/2024 11:01:44 am,2.175,2.38,-0.0702,-0.152,0.1,0.1520,01/08/2024 11:01:55 am,2.175,0.14,0.2422,0.049,0.1,0.0493,01/08/2024 11:03:55 am,2.175,4.15,-0.1370,-0.158,-0.1,0.1576,01/08/2024 11:04:00 am,2.175,0.00,0.2790,-0.494,0.0,0.4939
01/08/2024 11:00:38 am,2.200,0.00,0.0000,0.000,0.0,0.0000,01/08/2024 11:00:49 am,2.200,0.01,0.3997,-0.171,0.3,0.1706,01/08/2024 11:01:44 am,2.200,2.47,-0.0740,-0.151,-4.4E-15,0.1512,01/08/2024 11:01:55 am,2.200,0.14,0.2434,0.052,0.1,0.0517,01/08/2024 11:03:55 am,2.200,4.24,-0.1410,-0.158,-0.1,0.1584,01/08/2024 11:04:00 am,2.200,0.00,0.2667,-0.495,0.0,0.4947
01/08/2024 11:00:38 am,2.225,0.00,0.0000,0.000,0.0,0.0000,01/08/2024 11:00:49 am,2.225,0.01,0.3953,-0.170,0.1,0.1698,01/08/2024 11:01:44 am,2.225,2.55,-0.0777,-0.153,-0.1,0.1528,01/08/2024 11:01:55 am,2.225,0.11,0.2447,0.054,0.0,0.0542,01/08/2024 11:03:55 am,2.225,4.32,-0.1450,-0.159,-0.1,0.1593,01/08/2024 11:04:00 am,2.225,0.01,0.2543,-0.495,0.0,0.4947
01/08/2024 11:00:38 am,2.250,0.01,0.0000,0.000,0.0,0.0000,01/08/2024 11:00:49 am,2.250,0.00,0.3912,-0.168,0.0,0.1682,01/08/2024 11:01:44 am,2.250,2.63,-0.0816,-0.156,-0.2,0.1560,01/08/2024 11:01:55 am,2.250,0.10,0.2462,0.052,-0.2,0.0517,01/08/2024 11:03:55 am,2.250,4.37,-0.1489,-0.162,-0.3,0.1625,01/08/2024 11:04:00 am,2.250,0.00,0.2419,-0.494,0.1,0.4939
01/08/2024 11:00:38 am,2.275,0.00,0.0000,0.000,0.0,0.0000,01/08/2024 11:00:49 am,2.275,0.00,0.3869,-0.167,0.0,0.1673,01/08/2024 11:01:44 am,2.275,2.72,-0.0855,-0.162,-0.2,0.1617,01/08/2024 11:01:55 am,2.275,0.08,0.2475,0.044,-0.3,0.0437,01/08/2024 11:03:55 am,2.275,4.43,-0.1530,-0.174,-0.6,0.1738,01/08/2024 11:04:00 am,2.275,0.03,0.2295,-0.491,0.2,0.4907
01/08/2024 11:00:38 am,2.300,0.00,0.0000,0.000,0.0,0.0000,01/08/2024 11:00:49 am,2.300,0.01,0.3828,-0.167,0.0,0.1673,01/08/2024 11:01:44 am,2.300,2.81,-0.0896,-0.168,-0.2,0.1682,01/08/2024 11:01:55 am,2.300,0.08,0.2483,0.035,-0.3,0.0348,01/08/2024 11:03:55 am,2.300,4.52,-0.1574,-0.196,-0.8,0.1956,01/08/2024 11:04:00 am,2.300,0.05,0.2173,-0.485,0.4,0.4850
01/08/2024 11:00:38 am,2.325,0.00,0.0000,0.000,0.0,0.0000,01/08/2024 11:00:49 am,2.325,0.00,0.3786,-0.167,0.0,0.1665,01/08/2024 11:01:44 am,2.325,2.89,-0.0940,-0.172,-0.1,0.1722,01/08/2024 11:01:55 am,2.325,0.09,0.2491,0.029,-0.2,0.0291,01/08/2024 11:03:55 am,2.325,4.64,-0.1626,-0.222,-0.8,0.2215,01/08/2024 11:04:00 am,2.325,0.10,0.2053,-0.474,0.7,0.4737
01/08/2024 11:00:38 am,2.350,0.00,0.0000,0.000,0.0,0.0000,01/08/2024 11:00:49 am,2.350,0.01,0.3745,-0.166,0.0,0.1657,01/08/2024 11:01:44 am,2.350,2.97,-0.0983,-0.172,0.0,0.1722,01/08/2024 11:01:55 am,2.350,0.10,0.2498,0.027,-0.1,0.0267,01/08/2024 11:03:55 am,2.350,4.81,-0.1687,-0.241,-0.4,0.2409,01/08/2024 11:04:00 am,2.350,0.25,0.1934,-0.452,1.2,0.4519
01/08/2024 11:00:38 am,2.375,0.00,0.0000,0.000,0.0,0.0000,01/08/2024 11:00:49 am,2.375,0.00,0.3703,-0.165,0.0,0.1649,01/08/2024 11:01:44 am,2.375,3.04,-0.1026,-0.171,0.0,0.1706,01/08/2024 11:01:55 am,2.375,0.12,0.2504,0.027,0.0,0.0267,01/08/2024 11:03:55 am,2.375,4.98,-0.1750,-0.246,0.0,0.2458,01/08/2024 11:04:00 am,2.375,0.50,0.1824,-0.415,1.8,0.4147
01/08/2024 11:00:38 am,2.400,0.01,0.0000,0.000,0.0,0.0000,01/08/2024 11:00:49 am,2.400,0.01,0.3662,-0.164,0.0,0.1641,01/08/2024 11:01:44 am,2.400,3.11,-0.1068,-0.171,0.0,0.1706,01/08/2024 11:01:55 am,2.400,0.13,0.2510,0.028,0.0,0.0283,01/08/2024 11:03:55 am,2.400,5.14,-0.1812,-0.237,0.4,0.2369,01/08/2024 11:04:00 am,2.400,0.66,0.1724,-0.361,2.3,0.3614
01/08/2024 11:00:38 am,2.425,0.00,0.0000,0.000,0.0,0.0000,01/08/2024 11:00:49 am,2.425,0.01,0.3621,-0.162,0.0,0.1625,01/08/2024 11:01:44 am,2.425,3.18,-0.1111,-0.173,0.0,0.1730,01/08/2024 11:01:55 am,2.425,0.13,0.2519,0.028,,0.0283,01/08/2024 11:03:55 am,2.425,5.26,-0.1870,-0.221,0.6,0.2207,01/08/2024 11:04:00 am,2.425,0.72,0.1641,-0.297,2.5,0.2975
01/08/2024 11:00:38 am,2.450,0.00,0.0000,0.000,0.0,0.0000,01/08/2024 11:00:49 am,2.450,0.00,0.3581,-0.162,0.0,0.1617,01/08/2024 11:01:44 am,2.450,3.27,-0.1154,-0.175,0.1,0.1746,01/08/2024 11:01:55 am,2.450,0.19,0.2526,0.024,,0.0243,01/08/2024 11:03:55 am,2.450,5.36,-0.1922,-0.205,0.6,0.2045,01/08/2024 11:04:00 am,2.450,0.69,0.1575,-0.230,2.5,0.2304
01/08/2024 11:00:38 am,2.475,0.01,0.0000,0.000,0.0,0.0000,01/08/2024 11:00:49 am,2.475,0.00,0.3541,-0.161,0.0,0.1609,01/08/2024 11:01:44 am,2.475,3.36,-0.1199,-0.171,0.2,0.1714,01/08/2024 11:01:55 am,2.475,0.24,0.2531,,,,01/08/2024 11:03:55 am,2.475,5.45,-0.1971,-0.191,0.6,0.1908,01/08/2024 11:04:00 am,2.475,0.62,0.1527,-0.168,2.3,0.1682
01/08/2024 11:00:38 am,2.500,0.01,0.0000,0.000,0.0,0.0000,01/08/2024 11:00:49 am,2.500,0.00,0.3500,-0.160,0.1,0.1601,01/08/2024 11:01:44 am,2.500,3.44,-0.1242,-0.163,0.3,0.1633,,,,,,,,01/08/2024 11:03:55 am,2.500,5.56,-0.2018,-0.178,0.6,0.1779,01/08/2024 11:04:00 am,2.500,0.50,0.1493,-0.116,1.9,0.1156
01/08/2024 11:00:38 am,2.525,0.01,0.0000,0.000,0.0,0.0000,01/08/2024 11:00:49 am,2.525,0.01,0.3461,-0.158,0.1,0.1576,01/08/2024 11:01:44 am,2.525,3.51,-0.1281,-0.155,0.3,0.1552,,,,,,,,01/08/2024 11:03:55 am,2.525,5.66,-0.2060,-0.163,0.7,0.1633,01/08/2024 11:04:00 am,2.525,0.39,0.1471,-0.074,1.5,0.0736
01/08/2024 11:00:38 am,2.550,0.01,0.0000,0.000,0.0,0.0000,01/08/2024 11:00:49 am,2.550,0.01,0.3421,-0.154,0.1,0.1544,01/08/2024 11:01:44 am,2.550,3.57,-0.1318,-0.149,0.3,0.1487,,,,,,,,01/08/2024 11:03:55 am,2.550,5.74,-0.2099,-0.146,0.7,0.1455,01/08/2024 11:04:00 am,2.550,0.34,0.1458,-0.042,1.1,0.0420
01/08/2024 11:00:38 am,2.575,0.00,0.0000,0.000,0.0,0.0000,01/08/2024 11:00:49 am,2.575,0.02,0.3383,-0.152,0.1,0.1520,01/08/2024 11:01:44 am,2.575,3.62,-0.1356,-0.141,0.3,0.1415,,,,,,,,01/08/2024 11:03:55 am,2.575,5.82,-0.2134,-0.125,0.8,0.1253,01/08/2024 11:04:00 am,2.575,0.32,0.1452,-0.021,0.7,0.0210
01/08/2024 11:00:38 am,2.600,0.01,0.0000,0.000,0.0,0.0000,01/08/2024 11:00:49 am,2.600,0.01,0.3346,-0.150,0.1,0.1496,01/08/2024 11:01:44 am,2.600,3.69,-0.1390,-0.133,0.3,0.1334,,,,,,,,01/08/2024 11:03:55 am,2.600,5.90,-0.2162,-0.105,0.7,0.1051,01/08/2024 11:04:00 am,2.600,0.32,0.1449,-0.009,0.5,0.0089
01/08/2024 11:00:38 am,2.625,0.01,0.0000,0.000,0.0,0.0000,01/08/2024 11:00:49 am,2.625,0.00,0.3308,-0.147,0.1,0.1471,01/08/2024 11:01:44 am,2.625,3.74,-0.1421,-0.125,0.3,0.1253,,,,,,,,01/08/2024 11:03:55 am,2.625,5.97,-0.2185,-0.089,0.6,0.0889,01/08/2024 11:04:00 am,2.625,0.31,0.1448,0.000,0.4,0.0000
01/08/2024 11:00:38 am,2.650,0.00,0.0000,0.000,0.0,0.0000,01/08/2024 11:00:49 am,2.650,0.01,0.3272,-0.145,0.1,0.1447,01/08/2024 11:01:44 am,2.650,3.78,-0.1453,-0.118,0.3,0.1180,,,,,,,,01/08/2024 11:03:55 am,2.650,6.03,-0.2206,-0.077,0.6,0.0768,01/08/2024 11:04:00 am,2.650,0.28,0.1448,0.010,0.3,0.0097
01/08/2024 11:00:38 am,2.675,0.00,0.0000,0.000,0.0,0.0000,01/08/2024 11:00:49 am,2.675,0.00,0.3236,-0.143,0.0,0.1431,01/08/2024 11:01:44 am,2.675,3.83,-0.1481,-0.112,0.2,0.1124,,,,,,,,01/08/2024 11:03:55 am,2.675,6.09,-0.2224,-0.063,0.6,0.0631,01/08/2024 11:04:00 am,2.675,0.23,0.1453,0.016,0.1,0.0162
01/08/2024 11:00:38 am,2.700,0.01,0.0000,0.000,0.0,0.0000,01/08/2024 11:00:49 am,2.700,0.02,0.3200,-0.143,0.0,0.1431,01/08/2024 11:01:44 am,2.700,3.88,-0.1507,-0.107,0.3,0.1067,,,,,,,,01/08/2024 11:03:55 am,2.700,6.14,-0.2239,-0.044,0.7,0.0445,01/08/2024 11:04:00 am,2.700,0.21,0.1459,0.015,-0.1,0.0154
01/08/2024 11:00:38 am,2.725,0.01,0.0000,0.000,0.0,0.0000,01/08/2024 11:00:49 am,2.725,0.01,0.3165,-0.143,0.0,0.1431,01/08/2024 11:01:44 am,2.725,3.92,-0.1535,-0.100,0.3,0.1002,,,,,,,,01/08/2024 11:03:55 am,2.725,6.15,-0.2247,-0.024,0.7,0.0243,01/08/2024 11:04:00 am,2.725,0.21,0.1461,0.010,-0.1,0.0097
01/08/2024 11:00:38 am,2.750,0.00,0.0000,0.000,0.0,0.0000,01/08/2024 11:00:49 am,2.750,0.00,0.3129,-0.143,0.0,0.1431,01/08/2024 11:01:44 am,2.750,3.96,-0.1558,-0.091,0.3,0.0914,,,,,,,,01/08/2024 11:03:55 am,2.750,6.13,-0.2249,-0.008,0.5,0.0081,01/08/2024 11:04:00 am,2.750,0.22,0.1462,0.006,-0.1,0.0057
01/08/2024 11:00:38 am,2.775,0.00,0.0000,0.000,0.0,0.0000,01/08/2024 11:00:49 am,2.775,0.00,0.3093,-0.143,0.0,0.1431,01/08/2024 11:01:44 am,2.775,3.99,-0.1580,-0.082,0.3,0.0816,,,,,,,,01/08/2024 11:03:55 am,2.775,6.10,-0.2249,8.084E-4,0.3,8.0842E-4,01/08/2024 11:04:00 am,2.775,0.22,0.1464,0.004,-0.1,0.0040
01/08/2024 11:00:38 am,2.800,0.00,0.0000,0.000,0.0,0.0000,01/08/2024 11:00:49 am,2.800,0.01,0.3057,-0.141,0.1,0.1415,01/08/2024 11:01:44 am,2.800,4.01,-0.1599,-0.076,0.1,0.0760,,,,,,,,01/08/2024 11:03:55 am,2.800,6.09,-0.2248,0.006,0.2,0.0057,01/08/2024 11:04:00 am,2.800,0.20,0.1465,0.002,-0.1,0.0016
01/08/2024 11:00:38 am,2.825,0.01,0.0000,0.000,0.0,0.0000,01/08/2024 11:00:49 am,2.825,0.01,0.3022,-0.139,0.1,0.1390,01/08/2024 11:01:44 am,2.825,4.03,-0.1616,-0.075,-0.1,0.0752,,,,,,,,01/08/2024 11:03:55 am,2.825,6.06,-0.2247,0.010,0.1,0.0097,01/08/2024 11:04:00 am,2.825,0.18,0.1465,-8.084E-4,,8.0842E-4
01/08/2024 11:00:38 am,2.850,0.00,0.0000,0.000,0.0,0.0000,01/08/2024 11:00:49 am,2.850,0.01,0.2988,-0.137,0.1,0.1366,01/08/2024 11:01:44 am,2.850,4.05,-0.1636,-0.081,-0.2,0.0808,,,,,,,,01/08/2024 11:03:55 am,2.850,6.03,-0.2243,0.012,0.0,0.0121,01/08/2024 11:04:00 am,2.850,0.15,0.1464,-0.002,,0.0024
01/08/2024 11:00:38 am,2.875,0.00,0.0000,0.000,0.0,0.0000,01/08/2024 11:00:49 am,2.875,0.00,0.2954,-0.135,0.1,0.1350,01/08/2024 11:01:44 am,2.875,4.10,-0.1656,-0.090,-0.3,0.0897,,,,,,,,01/08/2024 11:03:55 am,2.875,6.02,-0.2240,0.011,0.0,0.0113,01/08/2024 11:04:00 am,2.875,0.13,0.1464,,,
01/08/2024 11:00:38 am,2.900,0.01,0.0000,0.000,0.0,0.0000,01/08/2024 11:00:49 am,2.900,0.00,0.2920,-0.133,0.1,0.1334,01/08/2024 11:01:44 am,2.900,4.17,-0.1681,-0.096,-0.3,0.0962,,,,,,,,01/08/2024 11:03:55 am,2.900,6.02,-0.2237,0.009,-0.1,0.0089,,,,,,,
01/08/2024 11:00:38 am,2.925,0.00,0.0000,0.000,0.0,0.0000,01/08/2024 11:00:49 am,2.925,0.00,0.2887,-0.130,0.2,0.1302,01/08/2024 11:01:44 am,2.925,4.21,-0.1706,-0.101,-0.3,0.1011,,,,,,,,01/08/2024 11:03:55 am,2.925,6.00,-0.2236,0.007,0.0,0.0073,,,,,,,
01/08/2024 11:00:38 am,2.950,0.01,0.0000,0.000,0.0,0.0000,01/08/2024 11:00:49 am,2.950,0.00,0.2855,-0.123,0.4,0.1229,01/08/2024 11:01:44 am,2.950,4.27,-0.1730,-0.108,-0.4,0.1083,,,,,,,,01/08/2024 11:03:55 am,2.950,5.98,-0.2234,0.007,0.0,0.0073,,,,,,,
01/08/2024 11:00:38 am,2.975,0.00,0.0000,0.000,0.0,0.0000,01/08/2024 11:00:49 am,2.975,-0.01,0.2824,-0.111,0.5,0.1108,01/08/2024 11:01:44 am,2.975,4.34,-0.1758,-0.120,-0.5,0.1205,,,,,,,,01/08/2024 11:03:55 am,2.975,5.97,-0.2232,0.006,0.0,0.0065,,,,,,,
01/08/2024 11:00:39 am,3.000,0.01,0.0000,0.000,0.0,0.0000,01/08/2024 11:00:50 am,3.000,0.00,0.2799,-0.097,0.4,0.0970,01/08/2024 11:01:45 am,3.000,4.42,-0.1791,-0.134,-0.5,0.1342,,,,,,,,01/08/2024 11:03:56 am,3.000,5.95,-0.2230,0.004,0.0,0.0040,,,,,,,
01/08/2024 11:00:39 am,3.025,0.01,0.0000,0.000,0.0,0.0000,01/08/2024 11:00:50 am,3.025,0.00,0.2777,-0.088,0.2,0.0881,01/08/2024 11:01:45 am,3.025,4.48,-0.1826,-0.146,-0.4,0.1455,,,,,,,,01/08/2024 11:03:56 am,3.025,5.93,-0.2230,0.003,0.0,0.0032,,,,,,,
01/08/2024 11:00:39 am,3.050,0.00,0.0000,0.000,0.0,0.0000,01/08/2024 11:00:50 am,3.050,0.00,0.2756,-0.086,0.1,0.0857,01/08/2024 11:01:45 am,3.050,4.58,-0.1864,-0.155,-0.4,0.1552,,,,,,,,01/08/2024 11:03:56 am,3.050,5.92,-0.2230,0.004,0.0,0.0040,,,,,,,
01/08/2024 11:00:39 am,3.075,0.00,0.0000,0.000,0.0,0.0000,01/08/2024 11:00:50 am,3.075,0.01,0.2734,-0.085,0.1,0.0849,01/08/2024 11:01:45 am,3.075,4.67,-0.1904,-0.164,-0.3,0.1641,,,,,,,,01/08/2024 11:03:56 am,3.075,5.91,-0.2228,0.006,0.0,0.0057,,,,,,,
01/08/2024 11:00:39 am,3.100,0.01,0.0000,0.000,0.0,0.0000,01/08/2024 11:00:50 am,3.100,0.00,0.2713,-0.081,0.2,0.0808,01/08/2024 11:01:45 am,3.100,4.77,-0.1946,-0.171,-0.2,0.1706,,,,,,,,01/08/2024 11:03:56 am,3.100,5.90,-0.2226,0.006,0.0,0.0057,,,,,,,
01/08/2024 11:00:39 am,3.125,0.01,0.0000,0.000,0.0,0.0000,01/08/2024 11:00:50 am,3.125,0.00,0.2693,-0.073,0.3,0.0728,01/08/2024 11:01:45 am,3.125,4.86,-0.1990,-0.173,0.0,0.1730,,,,,,,,01/08/2024 11:03:56 am,3.125,5.87,-0.2225,0.005,0.0,0.0049,,,,,,,
01/08/2024 11:00:39 am,3.150,0.01,0.0000,0.000,0.0,0.0000,01/08/2024 11:00:50 am,3.150,0.00,0.2676,-0.065,0.3,0.0647,01/08/2024 11:01:45 am,3.150,4.96,-0.2034,-0.171,0.1,0.1706,,,,,,,,01/08/2024 11:03:56 am,3.150,5.85,-0.2224,0.004,-0.1,0.0040,,,,,,,
01/08/2024 11:00:39 am,3.175,0.01,0.0000,0.000,0.0,0.0000,01/08/2024 11:00:50 am,3.175,0.00,0.2662,-0.059,0.2,0.0590,01/08/2024 11:01:45 am,3.175,5.06,-0.2076,-0.166,0.2,0.1657,,,,,,,,01/08/2024 11:03:56 am,3.175,5.83,-0.2223,0.002,-0.1,0.0016,,,,,,,
01/08/2024 11:00:39 am,3.200,0.01,0.0000,0.000,0.0,0.0000,01/08/2024 11:00:50 am,3.200,0.00,0.2647,-0.055,0.2,0.0550,01/08/2024 11:01:45 am,3.200,5.16,-0.2116,-0.159,0.2,0.1593,,,,,,,,01/08/2024 11:03:56 am,3.200,5.81,-0.2223,-0.002,-0.1,0.0016,,,,,,,
01/08/2024 11:00:39 am,3.225,0.00,0.0000,0.000,0.0,0.0000,01/08/2024 11:00:50 am,3.225,0.00,0.2634,-0.050,0.2,0.0501,01/08/2024 11:01:45 am,3.225,5.25,-0.2156,-0.154,0.2,0.1536,,,,,,,,01/08/2024 11:03:56 am,3.225,5.80,-0.2224,-0.003,0.0,0.0032,,,,,,,
01/08/2024 11:00:39 am,3.250,0.01,0.0000,0.000,0.0,0.0000,01/08/2024 11:00:50 am,3.250,-0.01,0.2622,-0.046,0.1,0.0461,01/08/2024 11:01:45 am,3.250,5.34,-0.2192,-0.149,0.3,0.1487,,,,,,,,01/08/2024 11:03:56 am,3.250,5.80,-0.2225,-0.002,0.0,0.0024,,,,,,,
01/08/2024 11:00:39 am,3.275,0.00,0.0000,0.000,0.0,0.0000,01/08/2024 11:00:50 am,3.275,0.00,0.2612,-0.045,0.0,0.0453,01/08/2024 11:01:45 am,3.275,5.43,-0.2230,-0.141,0.5,0.1407,,,,,,,,01/08/2024 11:03:56 am,3.275,5.80,-0.2225,-8.084E-4,0.0,8.0842E-4,,,,,,,
01/08/2024 11:00:39 am,3.300,0.00,0.0000,0.000,0.0,0.0000,01/08/2024 11:00:50 am,3.300,0.01,0.2600,-0.046,0.1,0.0461,01/08/2024 11:01:45 am,3.300,5.51,-0.2265,-0.127,0.6,0.1269,,,,,,,,01/08/2024 11:03:56 am,3.300,5.80,-0.2225,-8.084E-4,3.7E-15,8.0842E-4,,,,,,,
01/08/2024 11:00:39 am,3.325,0.00,0.0000,0.000,0.0,0.0000,01/08/2024 11:00:50 am,3.325,-0.01,0.2588,-0.044,0.2,0.0437,01/08/2024 11:01:45 am,3.325,5.57,-0.2294,-0.107,0.7,0.1067,,,,,,,,01/08/2024 11:03:56 am,3.325,5.79,-0.2225,-0.002,0.0,0.0016,,,,,,,
01/08/2024 11:00:39 am,3.350,0.00,0.0000,0.000,0.0,0.0000,01/08/2024 11:00:50 am,3.350,0.00,0.2577,-0.036,0.2,0.0364,01/08/2024 11:01:45 am,3.350,5.62,-0.2319,-0.087,0.6,0.0873,,,,,,,,01/08/2024 11:03:56 am,3.350,5.79,-0.2226,-0.002,0.0,0.0016,,,,,,,
01/08/2024 11:00:39 am,3.375,0.01,0.0000,0.000,0.0,0.0000,01/08/2024 11:00:50 am,3.375,0.00,0.2570,-0.032,0.0,0.0315,01/08/2024 11:01:45 am,3.375,5.66,-0.2337,-0.074,0.4,0.0744,,,,,,,,01/08/2024 11:03:56 am,3.375,5.79,-0.2226,0.000,0.0,0.0000,,,,,,,
01/08/2024 11:00:39 am,3.400,0.00,0.0000,0.000,0.0,0.0000,01/08/2024 11:00:50 am,3.400,0.01,0.2563,-0.035,-0.3,0.0348,01/08/2024 11:01:45 am,3.400,5.71,-0.2354,-0.069,0.1,0.0687,,,,,,,,01/08/2024 11:03:56 am,3.400,5.78,-0.2226,0.002,0.0,0.0016,,,,,,,
01/08/2024 11:00:39 am,3.425,0.00,0.0000,0.000,0.0,0.0000,01/08/2024 11:00:50 am,3.425,0.01,0.2554,-0.049,-0.6,0.0485,01/08/2024 11:01:45 am,3.425,5.76,-0.2371,-0.070,-0.1,0.0703,,,,,,,,01/08/2024 11:03:56 am,3.425,5.76,-0.2225,0.002,4.8E-17,0.0024,,,,,,,
01/08/2024 11:00:39 am,3.450,0.00,0.0000,0.000,0.0,0.0000,01/08/2024 11:00:50 am,3.450,0.02,0.2540,-0.069,-0.7,0.0687,01/08/2024 11:01:45 am,3.450,5.82,-0.2388,-0.076,-0.2,0.0760,,,,,,,,01/08/2024 11:03:56 am,3.450,5.75,-0.2225,0.002,0.0,0.0016,,,,,,,
01/08/2024 11:00:39 am,3.475,0.00,0.0000,0.000,0.0,0.0000,01/08/2024 11:00:50 am,3.475,0.01,0.2520,-0.089,-0.7,0.0889,01/08/2024 11:01:45 am,3.475,5.88,-0.2408,-0.081,-0.2,0.0808,,,,,,,,01/08/2024 11:03:56 am,3.475,5.74,-0.2224,0.000,0.0,0.0000,,,,,,,
01/08/2024 11:00:39 am,3.500,0.01,0.0000,0.000,0.0,0.0000,01/08/2024 11:00:50 am,3.500,0.00,0.2494,-0.106,-0.6,0.1059,01/08/2024 11:01:45 am,3.500,5.94,-0.2430,-0.085,-0.1,0.0849,,,,,,,,01/08/2024 11:03:56 am,3.500,5.73,-0.2225,-8.084E-4,0.0,8.0842E-4,,,,,,,
01/08/2024 11:00:39 am,3.525,0.00,0.0000,0.000,0.0,0.0000,01/08/2024 11:00:50 am,3.525,0.00,0.2466,-0.119,-0.5,0.1188,01/08/2024 11:01:45 am,3.525,5.99,-0.2449,-0.088,0.1,0.0881,,,,,,,,01/08/2024 11:03:56 am,3.525,5.72,-0.2225,-8.084E-4,0.0,8.0842E-4,,,,,,,
01/08/2024 11:00:39 am,3.550,0.00,0.0000,0.000,0.0,0.0000,01/08/2024 11:00:50 am,3.550,0.00,0.2435,-0.129,-0.3,0.1293,01/08/2024 11:01:45 am,3.550,6.05,-0.2474,-0.086,0.4,0.0857,,,,,,,,01/08/2024 11:03:56 am,3.550,5.72,-0.2225,0.000,0.0,0.0000,,,,,,,
01/08/2024 11:00:39 am,3.575,0.00,0.0000,0.000,0.0,0.0000,01/08/2024 11:00:50 am,3.575,0.00,0.2401,-0.136,-0.1,0.1358,01/08/2024 11:01:45 am,3.575,6.10,-0.2497,-0.070,0.7,0.0703,,,,,,,,01/08/2024 11:03:56 am,3.575,5.72,-0.2225,0.000,0.0,0.0000,,,,,,,
01/08/2024 11:00:39 am,3.600,0.00,0.0000,0.000,0.0,0.0000,01/08/2024 11:00:50 am,3.600,0.00,0.2366,-0.136,0.1,0.1358,01/08/2024 11:01:45 am,3.600,6.14,-0.2511,-0.044,0.8,0.0445,,,,,,,,01/08/2024 11:03:56 am,3.600,5.73,-0.2225,0.000,0.0,0.0000,,,,,,,
01/08/2024 11:00:39 am,3.625,0.00,0.0000,0.000,0.0,0.0000,01/08/2024 11:00:50 am,3.625,0.00,0.2332,-0.129,,0.1285,01/08/2024 11:01:45 am,3.625,6.14,-0.2517,-0.023,0.6,0.0226,,,,,,,,01/08/2024 11:03:56 am,3.625,5.73,-0.2225,0.000,0.0,0.0000,,,,,,,
01/08/2024 11:00:39 am,3.650,0.00,0.0000,0.000,0.0,0.0000,01/08/2024 11:00:50 am,3.650,0.00,0.2300,-0.116,,0.1164,01/08/2024 11:01:45 am,3.650,6.15,-0.2520,-0.014,0.2,0.0137,,,,,,,,01/08/2024 11:03:56 am,3.650,5.73,-0.2225,0.000,0.0,0.0000,,,,,,,
01/08/2024 11:00:39 am,3.675,0.00,0.0000,0.000,0.0,0.0000,01/08/2024 11:00:50 am,3.675,0.00,0.2274,,,,01/08/2024 11:01:45 am,3.675,6.16,-0.2522,-0.016,-0.1,0.0162,,,,,,,,01/08/2024 11:03:56 am,3.675,5.72,-0.2225,0.000,0.0,0.0000,,,,,,,
01/08/2024 11:00:39 am,3.700,0.01,0.0000,0.000,0.0,0.0000,,,,,,,,01/08/2024 11:01:45 am,3.700,6.18,-0.2527,-0.023,-0.2,0.0226,,,,,,,,01/08/2024 11:03:56 am,3.700,5.71,-0.2225,0.000,0.0,0.0000,,,,,,,
01/08/2024 11:00:39 am,3.725,0.01,0.0000,0.000,0.0,0.0000,,,,,,,,01/08/2024 11:01:45 am,3.725,6.18,-0.2534,-0.027,-0.1,0.0275,,,,,,,,01/08/2024 11:03:56 am,3.725,5.71,-0.2225,0.000,0.0,0.0000,,,,,,,
01/08/2024 11:00:39 am,3.750,0.00,0.0000,0.000,-0.1,0.0000,,,,,,,,01/08/2024 11:01:45 am,3.750,6.20,-0.2542,-0.028,0.1,0.0283,,,,,,,,01/08/2024 11:03:56 am,3.750,5.70,-0.2225,8.084E-4,0.0,8.0842E-4,,,,,,,
01/08/2024 11:00:39 am,3.775,0.00,0.0000,-0.002,-0.1,0.0016,,,,,,,,01/08/2024 11:01:45 am,3.775,6.19,-0.2549,-0.023,0.4,0.0234,,,,,,,,01/08/2024 11:03:56 am,3.775,5.69,-0.2225,0.002,0.0,0.0016,,,,,,,
01/08/2024 11:00:39 am,3.800,0.00,0.0000,-0.006,-0.2,0.0065,,,,,,,,01/08/2024 11:01:45 am,3.800,6.19,-0.2555,-0.011,0.5,0.0105,,,,,,,,01/08/2024 11:03:56 am,3.800,5.68,-0.2224,0.002,0.1,0.0016,,,,,,,
01/08/2024 11:00:39 am,3.825,0.01,-2.4252E-4,-0.012,-0.2,0.0121,,,,,,,,01/08/2024 11:01:45 am,3.825,6.16,-0.2556,0.007,0.6,0.0073,,,,,,,,01/08/2024 11:03:56 am,3.825,5.67,-0.2224,0.003,,0.0032,,,,,,,
01/08/2024 11:00:39 am,3.850,0.01,-7.2757E-4,-0.015,-0.1,0.0154,,,,,,,,01/08/2024 11:01:45 am,3.850,6.12,-0.2550,0.023,0.5,0.0234,,,,,,,,01/08/2024 11:03:56 am,3.850,5.66,-0.2224,0.007,,0.0073,,,,,,,
01/08/2024 11:00:39 am,3.875,0.01,-0.0011,-0.016,0.0,0.0162,,,,,,,,01/08/2024 11:01:45 am,3.875,6.08,-0.2543,0.035,0.3,0.0348,,,,,,,,01/08/2024 11:03:56 am,3.875,5.62,-0.2220,,,,,,,,,,
01/08/2024 11:00:39 am,3.900,0.01,-0.0015,-0.017,0.0,0.0170,,,,,,,,01/08/2024 11:01:45 am,3.900,6.04,-0.2533,0.040,0.1,0.0404,,,,,,,,,,,,,,,,,,,,,
01/08/2024 11:00:39 am,3.925,0.00,-0.0019,-0.018,0.0,0.0178,,,,,,,,01/08/2024 11:01:45 am,3.925,5.99,-0.2521,0.041,-0.1,0.0412,,,,,,,,,,,,,,,,,,,,,
01/08/2024 11:00:39 am,3.950,0.01,-0.0024,-0.016,0.1,0.0162,,,,,,,,01/08/2024 11:01:45 am,3.950,5.95,-0.2511,0.035,-0.4,0.0348,,,,,,,,,,,,,,,,,,,,,
01/08/2024 11:00:39 am,3.975,0.01,-0.0028,-0.013,0.1,0.0129,,,,,,,,01/08/2024 11:01:45 am,3.975,5.91,-0.2503,0.022,-0.5,0.0218,,,,,,,,,,,,,,,,,,,,,
01/08/2024 11:00:40 am,4.000,0.01,-0.0030,-0.011,0.0,0.0105,,,,,,,,01/08/2024 11:01:46 am,4.000,5.90,-0.2499,0.006,-0.6,0.0057,,,,,,,,,,,,,,,,,,,,,
01/08/2024 11:00:40 am,4.025,0.00,-0.0033,-0.011,-0.1,0.0105,,,,,,,,01/08/2024 11:01:46 am,4.025,5.88,-0.2500,-0.010,-0.5,0.0097,,,,,,,,,,,,,,,,,,,,,
01/08/2024 11:00:40 am,4.050,0.00,-0.0035,-0.014,-0.2,0.0137,,,,,,,,01/08/2024 11:01:46 am,4.050,5.88,-0.2505,-0.019,-0.2,0.0194,,,,,,,,,,,,,,,,,,,,,
01/08/2024 11:00:40 am,4.075,0.01,-0.0039,-0.019,-0.2,0.0194,,,,,,,,01/08/2024 11:01:46 am,4.075,5.88,-0.2511,-0.022,0.0,0.0218,,,,,,,,,,,,,,,,,,,,,
01/08/2024 11:00:40 am,4.100,0.01,-0.0045,-0.025,-0.2,0.0251,,,,,,,,01/08/2024 11:01:46 am,4.100,5.91,-0.2517,-0.018,0.2,0.0178,,,,,,,,,,,,,,,,,,,,,
01/08/2024 11:00:40 am,4.125,0.00,-0.0052,-0.027,-0.1,0.0275,,,,,,,,01/08/2024 11:01:46 am,4.125,5.92,-0.2521,-0.011,0.2,0.0105,,,,,,,,,,,,,,,,,,,,,
01/08/2024 11:00:40 am,4.150,0.00,-0.0059,-0.028,-0.1,0.0283,,,,,,,,01/08/2024 11:01:46 am,4.150,5.93,-0.2522,-0.005,0.1,0.0049,,,,,,,,,,,,,,,,,,,,,
01/08/2024 11:00:40 am,4.175,0.00,-0.0065,-0.032,-0.2,0.0315,,,,,,,,01/08/2024 11:01:46 am,4.175,5.93,-0.2522,-0.004,0.0,0.0040,,,,,,,,,,,,,,,,,,,,,
01/08/2024 11:00:40 am,4.200,0.01,-0.0074,-0.038,-0.2,0.0380,,,,,,,,01/08/2024 11:01:46 am,4.200,5.94,-0.2523,-0.008,-0.1,0.0081,,,,,,,,,,,,,,,,,,,,,
01/08/2024 11:00:40 am,4.225,0.01,-0.0085,-0.044,-0.2,0.0437,,,,,,,,01/08/2024 11:01:46 am,4.225,5.95,-0.2526,-0.012,0.0,0.0121,,,,,,,,,,,,,,,,,,,,,
01/08/2024 11:00:40 am,4.250,0.00,-0.0097,-0.045,-0.1,0.0453,,,,,,,,01/08/2024 11:01:46 am,4.250,5.95,-0.2531,-0.011,0.1,0.0105,,,,,,,,,,,,,,,,,,,,,
01/08/2024 11:00:40 am,4.275,0.01,-0.0108,-0.048,-0.2,0.0477,,,,,,,,01/08/2024 11:01:46 am,4.275,5.96,-0.2533,-0.004,0.2,0.0040,,,,,,,,,,,,,,,,,,,,,
01/08/2024 11:00:40 am,4.300,0.01,-0.0119,-0.055,-0.4,0.0550,,,,,,,,01/08/2024 11:01:46 am,4.300,5.96,-0.2532,0.002,0.2,0.0024,,,,,,,,,,,,,,,,,,,,,
01/08/2024 11:00:40 am,4.325,0.01,-0.0135,-0.067,-0.4,0.0671,,,,,,,,01/08/2024 11:01:46 am,4.325,5.95,-0.2531,0.005,0.1,0.0049,,,,,,,,,,,,,,,,,,,,,
01/08/2024 11:00:40 am,4.350,0.01,-0.0153,-0.079,-0.4,0.0792,,,,,,,,01/08/2024 11:01:46 am,4.350,5.95,-0.2530,0.005,0.0,0.0049,,,,,,,,,,,,,,,,,,,,,
01/08/2024 11:00:40 am,4.375,0.01,-0.0175,-0.088,-0.3,0.0881,,,,,,,,01/08/2024 11:01:46 am,4.375,5.96,-0.2528,0.004,-0.1,0.0040,,,,,,,,,,,,,,,,,,,,,
01/08/2024 11:00:40 am,4.400,0.02,-0.0198,-0.094,-0.2,0.0938,,,,,,,,01/08/2024 11:01:46 am,4.400,5.97,-0.2527,0.002,-0.1,0.0016,,,,,,,,,,,,,,,,,,,,,
01/08/2024 11:00:40 am,4.425,0.05,-0.0222,-0.096,-0.1,0.0962,,,,,,,,01/08/2024 11:01:46 am,4.425,5.96,-0.2527,-8.084E-4,-0.1,8.0842E-4,,,,,,,,,,,,,,,,,,,,,
01/08/2024 11:00:40 am,4.450,0.09,-0.0246,-0.096,0.0,0.0962,,,,,,,,01/08/2024 11:01:46 am,4.450,5.95,-0.2528,-0.002,0.0,0.0016,,,,,,,,,,,,,,,,,,,,,
01/08/2024 11:00:40 am,4.475,0.19,-0.0270,-0.095,0.1,0.0946,,,,,,,,01/08/2024 11:01:46 am,4.475,5.94,-0.2528,-0.002,-4.8E-17,0.0016,,,,,,,,,,,,,,,,,,,,,
01/08/2024 11:00:40 am,4.500,0.32,-0.0293,-0.092,0.0,0.0922,,,,,,,,01/08/2024 11:01:46 am,4.500,5.94,-0.2528,-0.002,0.0,0.0016,,,,,,,,,,,,,,,,,,,,,
01/08/2024 11:00:40 am,4.525,0.42,-0.0316,-0.091,0.0,0.0914,,,,,,,,01/08/2024 11:01:46 am,4.525,5.94,-0.2530,-8.084E-4,0.0,8.0842E-4,,,,,,,,,,,,,,,,,,,,,
01/08/2024 11:00:40 am,4.550,0.53,-0.0338,-0.092,0.0,0.0922,,,,,,,,01/08/2024 11:01:46 am,4.550,5.94,-0.2530,8.084E-4,0.0,8.0842E-4,,,,,,,,,,,,,,,,,,,,,
01/08/2024 11:00:40 am,4.575,0.64,-0.0363,-0.094,-0.1,0.0938,,,,,,,,01/08/2024 11:01:46 am,4.575,5.93,-0.2528,0.002,0.0,0.0016,,,,,,,,,,,,,,,,,,,,,
01/08/2024 11:00:40 am,4.600,0.74,-0.0386,-0.097,-0.1,0.0970,,,,,,,,01/08/2024 11:01:46 am,4.600,5.94,-0.2528,0.000,0.0,0.0000,,,,,,,,,,,,,,,,,,,,,
01/08/2024 11:00:40 am,4.625,0.86,-0.0410,-0.101,-0.1,0.1011,,,,,,,,01/08/2024 11:01:46 am,4.625,5.93,-0.2528,-0.002,0.0,0.0016,,,,,,,,,,,,,,,,,,,,,
01/08/2024 11:00:40 am,4.650,1.00,-0.0437,-0.105,-0.1,0.1051,,,,,,,,01/08/2024 11:01:46 am,4.650,5.92,-0.2530,-0.002,0.0,0.0016,,,,,,,,,,,,,,,,,,,,,
01/08/2024 11:00:40 am,4.675,1.12,-0.0463,-0.106,0.0,0.1059,,,,,,,,01/08/2024 11:01:46 am,4.675,5.90,-0.2530,-8.084E-4,0.0,8.0842E-4,,,,,,,,,,,,,,,,,,,,,
01/08/2024 11:00:40 am,4.700,1.23,-0.0490,-0.104,0.0,0.1043,,,,,,,,01/08/2024 11:01:46 am,4.700,5.91,-0.2530,0.000,0.0,0.0000,,,,,,,,,,,,,,,,,,,,,
01/08/2024 11:00:40 am,4.725,1.34,-0.0515,-0.104,-0.1,0.1043,,,,,,,,01/08/2024 11:01:46 am,4.725,5.90,-0.2530,0.000,0.0,0.0000,,,,,,,,,,,,,,,,,,,,,
01/08/2024 11:00:40 am,4.750,1.47,-0.0541,-0.108,-0.2,0.1083,,,,,,,,01/08/2024 11:01:46 am,4.750,5.90,-0.2530,8.084E-4,0.0,8.0842E-4,,,,,,,,,,,,,,,,,,,,,
01/08/2024 11:00:40 am,4.775,1.57,-0.0569,-0.116,-0.3,0.1164,,,,,,,,01/08/2024 11:01:46 am,4.775,5.89,-0.2530,0.002,0.0,0.0016,,,,,,,,,,,,,,,,,,,,,
01/08/2024 11:00:40 am,4.800,1.67,-0.0599,-0.126,-0.4,0.1261,,,,,,,,01/08/2024 11:01:46 am,4.800,5.89,-0.2528,0.002,0.0,0.0016,,,,,,,,,,,,,,,,,,,,,
01/08/2024 11:00:40 am,4.825,1.77,-0.0632,-0.135,-0.3,0.1350,,,,,,,,01/08/2024 11:01:46 am,4.825,5.90,-0.2528,8.084E-4,0.0,8.0842E-4,,,,,,,,,,,,,,,,,,,,,
01/08/2024 11:00:40 am,4.850,1.88,-0.0667,-0.143,-0.3,0.1431,,,,,,,,01/08/2024 11:01:46 am,4.850,5.91,-0.2528,0.000,0.0,0.0000,,,,,,,,,,,,,,,,,,,,,
01/08/2024 11:00:40 am,4.875,2.00,-0.0703,-0.150,-0.2,0.1504,,,,,,,,01/08/2024 11:01:46 am,4.875,5.91,-0.2528,0.000,0.0,0.0000,,,,,,,,,,,,,,,,,,,,,
01/08/2024 11:00:40 am,4.900,2.10,-0.0742,-0.156,-0.1,0.1560,,,,,,,,01/08/2024 11:01:46 am,4.900,5.89,-0.2528,0.000,0.0,0.0000,,,,,,,,,,,,,,,,,,,,,
01/08/2024 11:00:40 am,4.925,2.19,-0.0782,-0.158,0.0,0.1584,,,,,,,,01/08/2024 11:01:46 am,4.925,5.87,-0.2528,0.000,0.0,0.0000,,,,,,,,,,,,,,,,,,,,,
01/08/2024 11:00:40 am,4.950,2.28,-0.0822,-0.156,0.1,0.1560,,,,,,,,01/08/2024 11:01:46 am,4.950,5.85,-0.2528,0.000,0.0,0.0000,,,,,,,,,,,,,,,,,,,,,
01/08/2024 11:00:40 am,4.975,2.37,-0.0861,-0.151,0.1,0.1512,,,,,,,,01/08/2024 11:01:46 am,4.975,5.84,-0.2528,8.084E-4,0.0,8.0842E-4,,,,,,,,,,,,,,,,,,,,,
01/08/2024 11:00:41 am,5.000,2.46,-0.0897,-0.148,0.1,0.1479,,,,,,,,01/08/2024 11:01:47 am,5.000,5.83,-0.2528,0.002,0.0,0.0016,,,,,,,,,,,,,,,,,,,,,
01/08/2024 11:00:41 am,5.025,2.54,-0.0934,-0.148,0.0,0.1479,,,,,,,,01/08/2024 11:01:47 am,5.025,5.82,-0.2527,8.084E-4,0.0,8.0842E-4,,,,,,,,,,,,,,,,,,,,,
01/08/2024 11:00:41 am,5.050,2.61,-0.0971,-0.150,0.0,0.1496,,,,,,,,01/08/2024 11:01:47 am,5.050,5.82,-0.2527,-0.002,-0.1,0.0016,,,,,,,,,,,,,,,,,,,,,
01/08/2024 11:00:41 am,5.075,2.70,-0.1009,-0.150,0.0,0.1504,,,,,,,,01/08/2024 11:01:47 am,5.075,5.83,-0.2528,-0.003,0.0,0.0032,,,,,,,,,,,,,,,,,,,,,
01/08/2024 11:00:41 am,5.100,2.78,-0.1046,-0.149,0.1,0.1487,,,,,,,,01/08/2024 11:01:47 am,5.100,5.84,-0.2530,-0.002,0.0,0.0024,,,,,,,,,,,,,,,,,,,,,
01/08/2024 11:00:41 am,5.125,2.86,-0.1084,-0.146,0.1,0.1455,,,,,,,,01/08/2024 11:01:47 am,5.125,5.84,-0.2530,-8.084E-4,0.1,8.0842E-4,,,,,,,,,,,,,,,,,,,,,
01/08/2024 11:00:41 am,5.150,2.93,-0.1119,-0.141,0.1,0.1415,,,,,,,,01/08/2024 11:01:47 am,5.150,5.84,-0.2530,8.084E-4,0.0,8.0842E-4,,,,,,,,,,,,,,,,,,,,,
01/08/2024 11:00:41 am,5.175,3.01,-0.1154,-0.139,0.1,0.1390,,,,,,,,01/08/2024 11:01:47 am,5.175,5.83,-0.2530,0.002,0.0,0.0016,,,,,,,,,,,,,,,,,,,,,
01/08/2024 11:00:41 am,5.200,3.08,-0.1188,-0.137,0.2,0.1374,,,,,,,,01/08/2024 11:01:47 am,5.200,5.83,-0.2528,0.002,0.0,0.0016,,,,,,,,,,,,,,,,,,,,,
01/08/2024 11:00:41 am,5.225,3.13,-0.1224,-0.133,0.2,0.1326,,,,,,,,01/08/2024 11:01:47 am,5.225,5.83,-0.2528,0.000,0.0,0.0000,,,,,,,,,,,,,,,,,,,,,
01/08/2024 11:00:41 am,5.250,3.18,-0.1256,-0.124,0.2,0.1245,,,,,,,,01/08/2024 11:01:47 am,5.250,5.84,-0.2528,-0.002,0.0,0.0016,,,,,,,,,,,,,,,,,,,,,
01/08/2024 11:00:41 am,5.275,3.24,-0.1285,-0.118,0.1,0.1180,,,,,,,,01/08/2024 11:01:47 am,5.275,5.84,-0.2530,-0.002,0.0,0.0024,,,,,,,,,,,,,,,,,,,,,
01/08/2024 11:00:41 am,5.300,3.31,-0.1313,-0.119,-0.1,0.1188,,,,,,,,01/08/2024 11:01:47 am,5.300,5.85,-0.2530,-0.002,0.0,0.0024,,,,,,,,,,,,,,,,,,,,,
01/08/2024 11:00:41 am,5.325,3.36,-0.1344,-0.124,-0.1,0.1237,,,,,,,,01/08/2024 11:01:47 am,5.325,5.85,-0.2531,-8.084E-4,0.0,8.0842E-4,,,,,,,,,,,,,,,,,,,,,
01/08/2024 11:00:41 am,5.350,3.42,-0.1376,-0.127,0.0,0.1269,,,,,,,,01/08/2024 11:01:47 am,5.350,5.85,-0.2531,8.084E-4,0.0,8.0842E-4,,,,,,,,,,,,,,,,,,,,,
01/08/2024 11:00:41 am,5.375,3.48,-0.1408,-0.126,0.1,0.1261,,,,,,,,01/08/2024 11:01:47 am,5.375,5.84,-0.2530,0.002,0.0,0.0016,,,,,,,,,,,,,,,,,,,,,
01/08/2024 11:00:41 am,5.400,3.53,-0.1439,-0.121,0.2,0.1213,,,,,,,,01/08/2024 11:01:47 am,5.400,5.83,-0.2530,8.084E-4,0.0,8.0842E-4,,,,,,,,,,,,,,,,,,,,,
01/08/2024 11:00:41 am,5.425,3.58,-0.1470,-0.115,0.2,0.1148,,,,,,,,01/08/2024 11:01:47 am,5.425,5.83,-0.2530,0.000,0.0,0.0000,,,,,,,,,,,,,,,,,,,,,
01/08/2024 11:00:41 am,5.450,3.61,-0.1496,-0.108,0.2,0.1083,,,,,,,,01/08/2024 11:01:47 am,5.450,5.84,-0.2530,0.000,0.0,0.0000,,,,,,,,,,,,,,,,,,,,,
01/08/2024 11:00:41 am,5.475,3.65,-0.1523,-0.105,0.1,0.1051,,,,,,,,01/08/2024 11:01:47 am,5.475,5.85,-0.2530,0.000,0.0,0.0000,,,,,,,,,,,,,,,,,,,,,
01/08/2024 11:00:41 am,5.500,3.69,-0.1549,-0.104,0.1,0.1043,,,,,,,,01/08/2024 11:01:47 am,5.500,5.86,-0.2530,0.000,0.0,0.0000,,,,,,,,,,,,,,,,,,,,,
01/08/2024 11:00:41 am,5.525,3.73,-0.1575,-0.102,0.1,0.1019,,,,,,,,01/08/2024 11:01:47 am,5.525,5.84,-0.2530,0.000,0.0,0.0000,,,,,,,,,,,,,,,,,,,,,
01/08/2024 11:00:41 am,5.550,3.78,-0.1601,-0.098,0.2,0.0978,,,,,,,,01/08/2024 11:01:47 am,5.550,5.84,-0.2530,0.000,0.0,0.0000,,,,,,,,,,,,,,,,,,,,,
01/08/2024 11:00:41 am,5.575,3.82,-0.1624,-0.093,0.2,0.0930,,,,,,,,01/08/2024 11:01:47 am,5.575,5.82,-0.2530,0.000,0.0,0.0000,,,,,,,,,,,,,,,,,,,,,
01/08/2024 11:00:41 am,5.600,3.86,-0.1647,-0.090,0.2,0.0897,,,,,,,,01/08/2024 11:01:47 am,5.600,5.82,-0.2530,0.000,0.0,0.0000,,,,,,,,,,,,,,,,,,,,,
01/08/2024 11:00:41 am,5.625,3.90,-0.1669,-0.087,0.2,0.0865,,,,,,,,01/08/2024 11:01:47 am,5.625,5.80,-0.2530,0.000,0.0,0.0000,,,,,,,,,,,,,,,,,,,,,
01/08/2024 11:00:41 am,5.650,3.94,-0.1690,-0.082,0.2,0.0816,,,,,,,,01/08/2024 11:01:47 am,5.650,5.80,-0.2530,0.000,0.0,0.0000,,,,,,,,,,,,,,,,,,,,,
01/08/2024 11:00:41 am,5.675,3.98,-0.1710,-0.077,0.2,0.0768,,,,,,,,01/08/2024 11:01:47 am,5.675,5.80,-0.2530,0.000,0.0,0.0000,,,,,,,,,,,,,,,,,,,,,
01/08/2024 11:00:41 am,5.700,4.01,-0.1728,-0.074,0.1,0.0736,,,,,,,,01/08/2024 11:01:47 am,5.700,5.80,-0.2530,0.000,0.0,0.0000,,,,,,,,,,,,,,,,,,,,,
01/08/2024 11:00:41 am,5.725,4.04,-0.1746,-0.071,0.1,0.0711,,,,,,,,01/08/2024 11:01:47 am,5.725,5.79,-0.2530,0.000,0.0,0.0000,,,,,,,,,,,,,,,,,,,,,
01/08/2024 11:00:41 am,5.750,4.08,-0.1764,-0.068,0.1,0.0679,,,,,,,,01/08/2024 11:01:47 am,5.750,5.80,-0.2530,0.000,0.0,0.0000,,,,,,,,,,,,,,,,,,,,,
01/08/2024 11:00:41 am,5.775,4.11,-0.1780,-0.065,0.1,0.0647,,,,,,,,01/08/2024 11:01:47 am,5.775,5.79,-0.2530,0.000,0.0,0.0000,,,,,,,,,,,,,,,,,,,,,
01/08/2024 11:00:41 am,5.800,4.14,-0.1796,-0.063,0.0,0.0631,,,,,,,,01/08/2024 11:01:47 am,5.800,5.80,-0.2530,0.000,0.0,0.0000,,,,,,,,,,,,,,,,,,,,,
01/08/2024 11:00:41 am,5.825,4.18,-0.1812,-0.063,0.0,0.0631,,,,,,,,01/08/2024 11:01:47 am,5.825,5.79,-0.2530,0.000,0.0,0.0000,,,,,,,,,,,,,,,,,,,,,
01/08/2024 11:00:41 am,5.850,4.22,-0.1827,-0.065,-0.1,0.0647,,,,,,,,01/08/2024 11:01:47 am,5.850,5.79,-0.2530,0.000,0.0,0.0000,,,,,,,,,,,,,,,,,,,,,
01/08/2024 11:00:41 am,5.875,4.25,-0.1843,-0.070,-0.2,0.0695,,,,,,,,01/08/2024 11:01:47 am,5.875,5.79,-0.2530,0.000,0.0,0.0000,,,,,,,,,,,,,,,,,,,,,
01/08/2024 11:00:41 am,5.900,4.31,-0.1861,-0.077,-0.3,0.0768,,,,,,,,01/08/2024 11:01:47 am,5.900,5.79,-0.2530,0.000,0.0,0.0000,,,,,,,,,,,,,,,,,,,,,
01/08/2024 11:00:41 am,5.925,4.35,-0.1882,-0.085,-0.3,0.0849,,,,,,,,01/08/2024 11:01:47 am,5.925,5.78,-0.2530,0.000,0.0,0.0000,,,,,,,,,,,,,,,,,,,,,
01/08/2024 11:00:41 am,5.950,4.40,-0.1904,-0.091,-0.2,0.0914,,,,,,,,01/08/2024 11:01:47 am,5.950,5.79,-0.2530,0.000,0.0,0.0000,,,,,,,,,,,,,,,,,,,,,
01/08/2024 11:00:41 am,5.975,4.45,-0.1928,-0.095,0.0,0.0946,,,,,,,,01/08/2024 11:01:47 am,5.975,5.78,-0.2530,0.000,0.0,0.0000,,,,,,,,,,,,,,,,,,,,,
01/08/2024 11:00:42 am,6.000,4.50,-0.1952,-0.093,0.1,0.0930,,,,,,,,01/08/2024 11:01:48 am,6.000,5.78,-0.2530,8.084E-4,0.0,8.0842E-4,,,,,,,,,,,,,,,,,,,,,
01/08/2024 11:00:42 am,6.025,4.54,-0.1975,-0.088,0.1,0.0881,,,,,,,,01/08/2024 11:01:48 am,6.025,5.78,-0.2530,0.002,0.0,0.0016,,,,,,,,,,,,,,,,,,,,,
01/08/2024 11:00:42 am,6.050,4.59,-0.1996,-0.084,0.0,0.0841,,,,,,,,01/08/2024 11:01:48 am,6.050,5.78,-0.2528,0.002,0.0,0.0016,,,,,,,,,,,,,,,,,,,,,
01/08/2024 11:00:42 am,6.075,4.63,-0.2017,-0.085,0.0,0.0849,,,,,,,,01/08/2024 11:01:48 am,6.075,5.77,-0.2528,0.002,-9.5E-17,0.0016,,,,,,,,,,,,,,,,,,,,,
01/08/2024 11:00:42 am,6.100,4.69,-0.2037,-0.089,-0.1,0.0889,,,,,,,,01/08/2024 11:01:48 am,6.100,5.78,-0.2528,0.002,0.0,0.0016,,,,,,,,,,,,,,,,,,,,,
01/08/2024 11:00:42 am,6.125,4.73,-0.2061,-0.091,0.0,0.0905,,,,,,,,01/08/2024 11:01:48 am,6.125,5.78,-0.2527,0.002,0.0,0.0016,,,,,,,,,,,,,,,,,,,,,
01/08/2024 11:00:42 am,6.150,4.77,-0.2084,-0.087,0.1,0.0873,,,,,,,,01/08/2024 11:01:48 am,6.150,5.77,-0.2527,8.084E-4,0.0,8.0842E-4,,,,,,,,,,,,,,,,,,,,,
01/08/2024 11:00:42 am,6.175,4.82,-0.2105,-0.082,0.1,0.0816,,,,,,,,01/08/2024 11:01:48 am,6.175,5.77,-0.2527,0.000,0.0,0.0000,,,,,,,,,,,,,,,,,,,,,
01/08/2024 11:00:42 am,6.200,4.86,-0.2125,-0.079,0.1,0.0792,,,,,,,,01/08/2024 11:01:48 am,6.200,5.77,-0.2527,0.000,0.0,0.0000,,,,,,,,,,,,,,,,,,,,,
01/08/2024 11:00:42 am,6.225,4.90,-0.2144,-0.079,0.1,0.0792,,,,,,,,01/08/2024 11:01:48 am,6.225,5.77,-0.2527,0.000,,0.0000,,,,,,,,,,,,,,,,,,,,,
01/08/2024 11:00:42 am,6.250,4.94,-0.2165,-0.078,0.1,0.0784,,,,,,,,01/08/2024 11:01:48 am,6.250,5.76,-0.2527,0.000,,0.0000,,,,,,,,,,,,,,,,,,,,,
01/08/2024 11:00:42 am,6.275,4.99,-0.2184,-0.074,0.2,0.0744,,,,,,,,01/08/2024 11:01:48 am,6.275,5.76,-0.2527,,,,,,,,,,,,,,,,,,,,,,,,
01/08/2024 11:00:42 am,6.300,5.03,-0.2202,-0.067,0.2,0.0671,,,,,,,,,,,,,,,,,,,,,,,,,,,,,,,,,,,
01/08/2024 11:00:42 am,6.325,5.06,-0.2218,-0.061,0.1,0.0606,,,,,,,,,,,,,,,,,,,,,,,,,,,,,,,,,,,
01/08/2024 11:00:42 am,6.350,5.09,-0.2231,-0.059,0.0,0.0590,,,,,,,,,,,,,,,,,,,,,,,,,,,,,,,,,,,
01/08/2024 11:00:42 am,6.375,5.14,-0.2246,-0.063,-0.2,0.0631,,,,,,,,,,,,,,,,,,,,,,,,,,,,,,,,,,,
01/08/2024 11:00:42 am,6.400,5.18,-0.2263,-0.070,-0.2,0.0695,,,,,,,,,,,,,,,,,,,,,,,,,,,,,,,,,,,
01/08/2024 11:00:42 am,6.425,5.22,-0.2281,-0.074,-0.1,0.0744,,,,,,,,,,,,,,,,,,,,,,,,,,,,,,,,,,,
01/08/2024 11:00:42 am,6.450,5.27,-0.2300,-0.077,0.0,0.0768,,,,,,,,,,,,,,,,,,,,,,,,,,,,,,,,,,,
01/08/2024 11:00:42 am,6.475,5.33,-0.2320,-0.076,0.1,0.0760,,,,,,,,,,,,,,,,,,,,,,,,,,,,,,,,,,,
01/08/2024 11:00:42 am,6.500,5.37,-0.2339,-0.072,0.2,0.0719,,,,,,,,,,,,,,,,,,,,,,,,,,,,,,,,,,,
01/08/2024 11:00:42 am,6.525,5.40,-0.2356,-0.066,0.2,0.0663,,,,,,,,,,,,,,,,,,,,,,,,,,,,,,,,,,,
01/08/2024 11:00:42 am,6.550,5.44,-0.2372,-0.060,0.3,0.0598,,,,,,,,,,,,,,,,,,,,,,,,,,,,,,,,,,,
01/08/2024 11:00:42 am,6.575,5.47,-0.2386,-0.053,0.2,0.0534,,,,,,,,,,,,,,,,,,,,,,,,,,,,,,,,,,,
01/08/2024 11:00:42 am,6.600,5.49,-0.2399,-0.047,0.2,0.0469,,,,,,,,,,,,,,,,,,,,,,,,,,,,,,,,,,,
01/08/2024 11:00:42 am,6.625,5.51,-0.2409,-0.042,0.2,0.0420,,,,,,,,,,,,,,,,,,,,,,,,,,,,,,,,,,,
01/08/2024 11:00:42 am,6.650,5.55,-0.2419,-0.040,0.1,0.0396,,,,,,,,,,,,,,,,,,,,,,,,,,,,,,,,,,,
01/08/2024 11:00:42 am,6.675,5.58,-0.2429,-0.037,0.2,0.0372,,,,,,,,,,,,,,,,,,,,,,,,,,,,,,,,,,,
01/08/2024 11:00:42 am,6.700,5.62,-0.2439,-0.032,0.2,0.0323,,,,,,,,,,,,,,,,,,,,,,,,,,,,,,,,,,,
01/08/2024 11:00:42 am,6.725,5.61,-0.2446,-0.024,0.3,0.0243,,,,,,,,,,,,,,,,,,,,,,,,,,,,,,,,,,,
01/08/2024 11:00:42 am,6.750,5.62,-0.2451,-0.017,0.2,0.0170,,,,,,,,,,,,,,,,,,,,,,,,,,,,,,,,,,,
01/08/2024 11:00:42 am,6.775,5.63,-0.2453,-0.013,0.2,0.0129,,,,,,,,,,,,,,,,,,,,,,,,,,,,,,,,,,,
01/08/2024 11:00:42 am,6.800,5.62,-0.2457,-0.010,0.2,0.0097,,,,,,,,,,,,,,,,,,,,,,,,,,,,,,,,,,,
01/08/2024 11:00:42 am,6.825,5.61,-0.2459,-0.003,0.2,0.0032,,,,,,,,,,,,,,,,,,,,,,,,,,,,,,,,,,,
01/08/2024 11:00:42 am,6.850,5.58,-0.2459,0.005,0.2,0.0049,,,,,,,,,,,,,,,,,,,,,,,,,,,,,,,,,,,
01/08/2024 11:00:42 am,6.875,5.57,-0.2456,0.010,0.1,0.0097,,,,,,,,,,,,,,,,,,,,,,,,,,,,,,,,,,,
01/08/2024 11:00:42 am,6.900,5.57,-0.2453,0.011,0.0,0.0105,,,,,,,,,,,,,,,,,,,,,,,,,,,,,,,,,,,
01/08/2024 11:00:42 am,6.925,5.53,-0.2451,0.009,0.0,0.0089,,,,,,,,,,,,,,,,,,,,,,,,,,,,,,,,,,,
01/08/2024 11:00:42 am,6.950,5.52,-0.2448,0.008,-0.1,0.0081,,,,,,,,,,,,,,,,,,,,,,,,,,,,,,,,,,,
01/08/2024 11:00:42 am,6.975,5.51,-0.2447,0.006,-0.1,0.0065,,,,,,,,,,,,,,,,,,,,,,,,,,,,,,,,,,,
01/08/2024 11:00:43 am,7.000,5.50,-0.2445,0.004,-0.1,0.0040,,,,,,,,,,,,,,,,,,,,,,,,,,,,,,,,,,,
01/08/2024 11:00:43 am,7.025,5.49,-0.2445,0.002,-0.1,0.0024,,,,,,,,,,,,,,,,,,,,,,,,,,,,,,,,,,,
01/08/2024 11:00:43 am,7.050,5.47,-0.2445,-8.084E-4,-0.1,8.0842E-4,,,,,,,,,,,,,,,,,,,,,,,,,,,,,,,,,,,
01/08/2024 11:00:43 am,7.075,5.47,-0.2443,-0.006,-0.1,0.0057,,,,,,,,,,,,,,,,,,,,,,,,,,,,,,,,,,,
01/08/2024 11:00:43 am,7.100,5.46,-0.2447,-0.009,0.0,0.0089,,,,,,,,,,,,,,,,,,,,,,,,,,,,,,,,,,,
01/08/2024 11:00:43 am,7.125,5.47,-0.2451,-0.006,0.1,0.0065,,,,,,,,,,,,,,,,,,,,,,,,,,,,,,,,,,,
01/08/2024 11:00:43 am,7.150,5.47,-0.2451,-8.084E-4,0.1,8.0842E-4,,,,,,,,,,,,,,,,,,,,,,,,,,,,,,,,,,,
01/08/2024 11:00:43 am,7.175,5.46,-0.2449,0.002,0.0,0.0016,,,,,,,,,,,,,,,,,,,,,,,,,,,,,,,,,,,
01/08/2024 11:00:43 am,7.200,5.45,-0.2449,8.084E-4,0.0,8.0842E-4,,,,,,,,,,,,,,,,,,,,,,,,,,,,,,,,,,,
01/08/2024 11:00:43 am,7.225,5.45,-0.2449,-8.084E-4,-0.1,8.0842E-4,,,,,,,,,,,,,,,,,,,,,,,,,,,,,,,,,,,
01/08/2024 11:00:43 am,7.250,5.44,-0.2449,-0.002,0.0,0.0024,,,,,,,,,,,,,,,,,,,,,,,,,,,,,,,,,,,
01/08/2024 11:00:43 am,7.275,5.44,-0.2451,-0.003,0.0,0.0032,,,,,,,,,,,,,,,,,,,,,,,,,,,,,,,,,,,
01/08/2024 11:00:43 am,7.300,5.43,-0.2452,-0.002,0.1,0.0016,,,,,,,,,,,,,,,,,,,,,,,,,,,,,,,,,,,
01/08/2024 11:00:43 am,7.325,5.43,-0.2452,8.084E-4,0.1,8.0842E-4,,,,,,,,,,,,,,,,,,,,,,,,,,,,,,,,,,,
01/08/2024 11:00:43 am,7.350,5.44,-0.2451,0.002,0.0,0.0024,,,,,,,,,,,,,,,,,,,,,,,,,,,,,,,,,,,
01/08/2024 11:00:43 am,7.375,5.44,-0.2451,0.002,-0.1,0.0016,,,,,,,,,,,,,,,,,,,,,,,,,,,,,,,,,,,
01/08/2024 11:00:43 am,7.400,5.44,-0.2449,-0.002,-0.1,0.0016,,,,,,,,,,,,,,,,,,,,,,,,,,,,,,,,,,,
01/08/2024 11:00:43 am,7.425,5.43,-0.2451,-0.005,,0.0049,,,,,,,,,,,,,,,,,,,,,,,,,,,,,,,,,,,
01/08/2024 11:00:43 am,7.450,5.42,-0.2453,-0.007,,0.0073,,,,,,,,,,,,,,,,,,,,,,,,,,,,,,,,,,,
01/08/2024 11:00:43 am,7.475,5.41,-0.2454,,,,,,,,,,,,,,,,,,,,,,,,,,,,,,,,,,,,,,
