"Date and Time Run 5","Time (s) Run 5","Force (N) Run 5","Position (m) Run 5","Velocity (m/s) Run 5","Acceleration (m/s²) Run 5","Speed (m/s) Run 5","Date and Time Run 6","Time (s) Run 6","Force (N) Run 6","Position (m) Run 6","Velocity (m/s) Run 6","Acceleration (m/s²) Run 6","Speed (m/s) Run 6","Date and Time Run 7","Time (s) Run 7","Force (N) Run 7","Position (m) Run 7","Velocity (m/s) Run 7","Acceleration (m/s²) Run 7","Speed (m/s) Run 7","Date and Time Run 8","Time (s) Run 8","Force (N) Run 8","Position (m) Run 8","Velocity (m/s) Run 8","Acceleration (m/s²) Run 8","Speed (m/s) Run 8"
01/09/2024 11:12:56 am,0.000,-0.01,0.0000,,,,01/09/2024 11:14:59 am,0.000,0.22,0.0000,,,,01/09/2024 11:15:52 am,0.000,0.03,0.0000,,,,01/09/2024 11:20:42 am,0.000,0.10,0.0000,,,
01/09/2024 11:12:56 am,0.025,-0.01,-1.2126E-4,-0.002,,0.0024,01/09/2024 11:14:59 am,0.025,0.24,-7.2757E-4,-0.032,,0.0315,01/09/2024 11:15:52 am,0.025,0.02,-4.8505E-4,-0.022,,0.0218,01/09/2024 11:20:42 am,0.025,0.12,-6.0631E-4,-0.024,,0.0243
01/09/2024 11:12:56 am,0.050,-0.01,-1.2126E-4,-0.002,0.0,0.0016,01/09/2024 11:14:59 am,0.050,0.25,-0.0016,-0.033,0.0,0.0331,01/09/2024 11:15:52 am,0.050,0.04,-0.0011,-0.024,-0.1,0.0243,01/09/2024 11:20:42 am,0.050,0.15,-0.0012,-0.028,-0.2,0.0283
01/09/2024 11:12:56 am,0.075,0.00,-1.2126E-4,-0.002,0.0,0.0024,01/09/2024 11:14:59 am,0.075,0.26,-0.0024,-0.034,0.0,0.0340,01/09/2024 11:15:52 am,0.075,0.05,-0.0017,-0.027,-0.1,0.0267,01/09/2024 11:20:42 am,0.075,0.20,-0.0019,-0.034,-0.2,0.0340
01/09/2024 11:12:56 am,0.100,0.00,-2.4252E-4,-0.004,0.0,0.0040,01/09/2024 11:14:59 am,0.100,0.28,-0.0033,-0.034,0.0,0.0340,01/09/2024 11:15:52 am,0.100,0.06,-0.0024,-0.028,-0.1,0.0283,01/09/2024 11:20:42 am,0.100,0.24,-0.0029,-0.040,-0.2,0.0404
01/09/2024 11:12:56 am,0.125,0.00,-3.6379E-4,-0.004,-8.7E-18,0.0040,01/09/2024 11:14:59 am,0.125,0.30,-0.0041,-0.033,0.0,0.0331,01/09/2024 11:15:52 am,0.125,0.07,-0.0032,-0.030,-0.1,0.0299,01/09/2024 11:20:42 am,0.125,0.28,-0.0040,-0.046,-0.2,0.0461
01/09/2024 11:12:56 am,0.150,0.00,-4.8505E-4,-0.003,1.7E-17,0.0032,01/09/2024 11:14:59 am,0.150,0.31,-0.0050,-0.032,0.1,0.0315,01/09/2024 11:15:52 am,0.150,0.08,-0.0039,-0.032,-0.1,0.0323,01/09/2024 11:20:42 am,0.150,0.35,-0.0052,-0.049,-0.1,0.0493
01/09/2024 11:12:56 am,0.175,0.00,-4.8505E-4,-0.003,0.0,0.0032,01/09/2024 11:14:59 am,0.175,0.33,-0.0057,-0.030,0.0,0.0299,01/09/2024 11:15:52 am,0.175,0.10,-0.0047,-0.036,-0.1,0.0356,01/09/2024 11:20:42 am,0.175,0.41,-0.0065,-0.049,4.2E-16,0.0493
01/09/2024 11:12:56 am,0.200,0.00,-6.0631E-4,-0.005,-0.1,0.0049,01/09/2024 11:14:59 am,0.200,0.34,-0.0064,-0.029,0.0,0.0291,01/09/2024 11:15:52 am,0.200,0.11,-0.0057,-0.039,-0.1,0.0388,01/09/2024 11:20:42 am,0.200,0.48,-0.0078,-0.048,0.0,0.0477
01/09/2024 11:12:56 am,0.225,0.00,-7.2757E-4,-0.007,-0.1,0.0073,01/09/2024 11:14:59 am,0.225,0.35,-0.0072,-0.029,0.0,0.0291,01/09/2024 11:15:52 am,0.225,0.13,-0.0067,-0.040,0.0,0.0404,01/09/2024 11:20:42 am,0.225,0.53,-0.0089,-0.048,-0.1,0.0477
01/09/2024 11:12:56 am,0.250,0.01,-9.7010E-4,-0.010,-0.1,0.0097,01/09/2024 11:14:59 am,0.250,0.37,-0.0079,-0.030,0.0,0.0299,01/09/2024 11:15:52 am,0.250,0.15,-0.0078,-0.040,0.0,0.0396,01/09/2024 11:20:42 am,0.250,0.59,-0.0101,-0.052,-0.2,0.0517
01/09/2024 11:12:56 am,0.275,0.00,-0.0012,-0.012,-0.1,0.0121,01/09/2024 11:14:59 am,0.275,0.38,-0.0086,-0.032,0.0,0.0315,01/09/2024 11:15:52 am,0.275,0.17,-0.0087,-0.037,0.0,0.0372,01/09/2024 11:20:42 am,0.275,0.66,-0.0114,-0.059,-0.2,0.0590
01/09/2024 11:12:56 am,0.300,0.01,-0.0016,-0.015,-0.1,0.0154,01/09/2024 11:14:59 am,0.300,0.40,-0.0095,-0.032,-2.8E-16,0.0323,01/09/2024 11:15:52 am,0.300,0.19,-0.0096,-0.036,0.0,0.0356,01/09/2024 11:20:42 am,0.300,0.74,-0.0130,-0.066,-0.2,0.0663
01/09/2024 11:12:56 am,0.325,0.03,-0.0019,-0.019,-0.1,0.0194,01/09/2024 11:14:59 am,0.325,0.41,-0.0103,-0.032,0.0,0.0315,01/09/2024 11:15:52 am,0.325,0.20,-0.0104,-0.037,0.0,0.0372,01/09/2024 11:20:42 am,0.325,0.83,-0.0148,-0.070,-0.1,0.0703
01/09/2024 11:12:56 am,0.350,0.02,-0.0025,-0.023,-0.1,0.0226,01/09/2024 11:14:59 am,0.350,0.42,-0.0110,-0.030,0.0,0.0299,01/09/2024 11:15:52 am,0.350,0.22,-0.0114,-0.040,0.0,0.0396,01/09/2024 11:20:42 am,0.350,0.93,-0.0166,-0.070,0.0,0.0695
01/09/2024 11:12:56 am,0.375,0.03,-0.0032,-0.026,-0.1,0.0259,01/09/2024 11:14:59 am,0.375,0.44,-0.0118,-0.029,0.0,0.0291,01/09/2024 11:15:52 am,0.375,0.24,-0.0125,-0.040,0.0,0.0404,01/09/2024 11:20:42 am,0.375,1.00,-0.0183,-0.068,0.0,0.0679
01/09/2024 11:12:56 am,0.400,0.05,-0.0038,-0.028,-0.1,0.0283,01/09/2024 11:14:59 am,0.400,0.46,-0.0125,-0.030,-0.1,0.0299,01/09/2024 11:15:52 am,0.400,0.26,-0.0135,-0.040,-1.4E-16,0.0396,01/09/2024 11:20:42 am,0.400,1.09,-0.0199,-0.068,0.1,0.0679
01/09/2024 11:12:56 am,0.425,0.05,-0.0046,-0.031,-0.1,0.0307,01/09/2024 11:14:59 am,0.425,0.49,-0.0132,-0.032,-0.1,0.0323,01/09/2024 11:15:52 am,0.425,0.27,-0.0144,-0.040,0.0,0.0396,01/09/2024 11:20:42 am,0.425,1.17,-0.0217,-0.067,0.1,0.0671
01/09/2024 11:12:56 am,0.450,0.06,-0.0053,-0.032,0.0,0.0323,01/09/2024 11:14:59 am,0.450,0.50,-0.0141,-0.036,-0.1,0.0356,01/09/2024 11:15:52 am,0.450,0.29,-0.0154,-0.040,0.0,0.0404,01/09/2024 11:20:42 am,0.450,1.26,-0.0234,-0.062,0.2,0.0622
01/09/2024 11:12:56 am,0.475,0.07,-0.0062,-0.032,0.0,0.0323,01/09/2024 11:14:59 am,0.475,0.52,-0.0150,-0.037,-0.1,0.0372,01/09/2024 11:15:52 am,0.475,0.31,-0.0165,-0.041,0.0,0.0412,01/09/2024 11:20:42 am,0.475,1.33,-0.0249,-0.056,0.1,0.0558
01/09/2024 11:12:56 am,0.500,0.08,-0.0070,-0.032,0.0,0.0323,01/09/2024 11:14:59 am,0.500,0.53,-0.0160,-0.038,0.0,0.0380,01/09/2024 11:15:52 am,0.500,0.33,-0.0175,-0.042,0.0,0.0420,01/09/2024 11:20:42 am,0.500,1.41,-0.0261,-0.053,0.1,0.0534
01/09/2024 11:12:56 am,0.525,0.10,-0.0078,-0.032,0.0,0.0315,01/09/2024 11:14:59 am,0.525,0.56,-0.0169,-0.039,0.0,0.0388,01/09/2024 11:15:52 am,0.525,0.35,-0.0186,-0.043,-0.1,0.0428,01/09/2024 11:20:42 am,0.525,1.47,-0.0274,-0.054,0.1,0.0542
01/09/2024 11:12:56 am,0.550,0.11,-0.0086,-0.031,0.0,0.0307,01/09/2024 11:14:59 am,0.550,0.57,-0.0179,-0.040,-0.1,0.0404,01/09/2024 11:15:52 am,0.550,0.38,-0.0196,-0.044,-0.1,0.0445,01/09/2024 11:20:42 am,0.550,1.54,-0.0289,-0.052,0.1,0.0517
01/09/2024 11:12:56 am,0.575,0.13,-0.0093,-0.030,0.0,0.0299,01/09/2024 11:14:59 am,0.575,0.58,-0.0189,-0.042,-0.1,0.0420,01/09/2024 11:15:52 am,0.575,0.40,-0.0207,-0.047,-0.1,0.0469,01/09/2024 11:20:42 am,0.575,1.60,-0.0302,-0.045,0.1,0.0453
01/09/2024 11:12:56 am,0.600,0.14,-0.0101,-0.028,0.0,0.0283,01/09/2024 11:14:59 am,0.600,0.60,-0.0200,-0.044,-0.1,0.0445,01/09/2024 11:15:52 am,0.600,0.42,-0.0219,-0.049,0.0,0.0493,01/09/2024 11:20:42 am,0.600,1.65,-0.0310,-0.041,0.0,0.0412
01/09/2024 11:12:56 am,0.625,0.16,-0.0108,-0.027,0.1,0.0275,01/09/2024 11:14:59 am,0.625,0.63,-0.0211,-0.049,-0.1,0.0485,01/09/2024 11:15:52 am,0.625,0.44,-0.0233,-0.050,0.0,0.0501,01/09/2024 11:20:42 am,0.625,1.70,-0.0320,-0.043,-0.1,0.0428
01/09/2024 11:12:56 am,0.650,0.17,-0.0114,-0.026,0.1,0.0259,01/09/2024 11:14:59 am,0.650,0.66,-0.0224,-0.052,-0.1,0.0517,01/09/2024 11:15:52 am,0.650,0.47,-0.0245,-0.048,0.2,0.0477,01/09/2024 11:20:42 am,0.650,1.75,-0.0332,-0.048,-0.2,0.0477
01/09/2024 11:12:56 am,0.675,0.19,-0.0121,-0.023,0.1,0.0226,01/09/2024 11:14:59 am,0.675,0.68,-0.0238,-0.053,0.0,0.0534,01/09/2024 11:15:52 am,0.675,0.49,-0.0257,-0.041,0.3,0.0412,01/09/2024 11:20:42 am,0.675,1.82,-0.0344,-0.053,-0.2,0.0525
01/09/2024 11:12:56 am,0.700,0.20,-0.0126,-0.019,0.1,0.0186,01/09/2024 11:14:59 am,0.700,0.70,-0.0251,-0.053,0.0,0.0534,01/09/2024 11:15:52 am,0.700,0.50,-0.0267,-0.032,0.3,0.0323,01/09/2024 11:20:42 am,0.700,1.88,-0.0358,-0.058,-0.2,0.0582
01/09/2024 11:12:56 am,0.725,0.20,-0.0130,-0.015,0.1,0.0146,01/09/2024 11:14:59 am,0.725,0.73,-0.0264,-0.053,0.1,0.0525,01/09/2024 11:15:52 am,0.725,0.51,-0.0273,-0.024,0.2,0.0243,01/09/2024 11:20:42 am,0.725,1.95,-0.0373,-0.065,-0.2,0.0647
01/09/2024 11:12:56 am,0.750,0.21,-0.0133,-0.012,0.1,0.0121,01/09/2024 11:14:59 am,0.750,0.76,-0.0278,-0.050,0.1,0.0501,01/09/2024 11:15:52 am,0.750,0.53,-0.0278,-0.021,0.1,0.0210,01/09/2024 11:20:42 am,0.750,2.04,-0.0390,-0.069,-0.1,0.0687
01/09/2024 11:12:56 am,0.775,0.21,-0.0136,-0.011,0.1,0.0105,01/09/2024 11:14:59 am,0.775,0.77,-0.0290,-0.046,0.1,0.0461,01/09/2024 11:15:52 am,0.775,0.53,-0.0283,-0.021,0.0,0.0210,01/09/2024 11:20:42 am,0.775,2.13,-0.0409,-0.070,0.0,0.0695
01/09/2024 11:12:56 am,0.800,0.21,-0.0138,-0.009,0.1,0.0089,01/09/2024 11:14:59 am,0.800,0.80,-0.0301,-0.042,0.2,0.0420,01/09/2024 11:15:52 am,0.800,0.54,-0.0289,-0.021,0.0,0.0210,01/09/2024 11:20:42 am,0.800,2.21,-0.0426,-0.069,0.1,0.0687
01/09/2024 11:12:56 am,0.825,0.22,-0.0141,-0.006,0.1,0.0065,01/09/2024 11:14:59 am,0.825,0.81,-0.0310,-0.039,0.2,0.0388,01/09/2024 11:15:52 am,0.825,0.56,-0.0293,-0.022,-0.1,0.0218,01/09/2024 11:20:42 am,0.825,2.30,-0.0443,-0.066,0.2,0.0663
01/09/2024 11:12:56 am,0.850,0.23,-0.0142,-0.005,0.0,0.0049,01/09/2024 11:14:59 am,0.850,0.85,-0.0320,-0.035,0.2,0.0348,01/09/2024 11:15:52 am,0.850,0.58,-0.0298,-0.024,-0.1,0.0243,01/09/2024 11:20:42 am,0.850,2.38,-0.0460,-0.061,0.3,0.0606
01/09/2024 11:12:56 am,0.875,0.23,-0.0142,-0.006,-0.1,0.0065,01/09/2024 11:14:59 am,0.875,0.86,-0.0329,-0.031,0.1,0.0307,01/09/2024 11:15:52 am,0.875,0.59,-0.0306,-0.029,-0.2,0.0291,01/09/2024 11:20:42 am,0.875,2.45,-0.0474,-0.051,0.4,0.0509
01/09/2024 11:12:56 am,0.900,0.23,-0.0144,-0.012,-0.2,0.0121,01/09/2024 11:14:59 am,0.900,0.87,-0.0335,-0.027,0.1,0.0275,01/09/2024 11:15:52 am,0.900,0.60,-0.0313,-0.034,-0.2,0.0340,01/09/2024 11:20:42 am,0.900,2.52,-0.0485,-0.040,0.3,0.0404
01/09/2024 11:12:56 am,0.925,0.24,-0.0148,-0.019,-0.2,0.0186,01/09/2024 11:14:59 am,0.925,0.88,-0.0342,-0.024,0.1,0.0243,01/09/2024 11:15:52 am,0.925,0.62,-0.0323,-0.037,-0.1,0.0372,01/09/2024 11:20:42 am,0.925,2.57,-0.0494,-0.032,0.2,0.0323
01/09/2024 11:12:56 am,0.950,0.24,-0.0154,-0.024,-0.2,0.0243,01/09/2024 11:14:59 am,0.950,0.90,-0.0348,-0.021,0.1,0.0210,01/09/2024 11:15:52 am,0.950,0.64,-0.0332,-0.039,0.0,0.0388,01/09/2024 11:20:42 am,0.950,2.59,-0.0501,-0.029,0.0,0.0291
01/09/2024 11:12:56 am,0.975,0.25,-0.0160,-0.030,-0.2,0.0299,01/09/2024 11:14:59 am,0.975,0.90,-0.0352,-0.019,0.0,0.0186,01/09/2024 11:15:52 am,0.975,0.64,-0.0342,-0.038,0.0,0.0380,01/09/2024 11:20:42 am,0.975,2.64,-0.0507,-0.032,-0.1,0.0315
01/09/2024 11:12:57 am,1.000,0.27,-0.0169,-0.035,-0.1,0.0348,01/09/2024 11:15:00 am,1.000,0.91,-0.0357,-0.019,0.0,0.0186,01/09/2024 11:15:53 am,1.000,0.67,-0.0352,-0.036,0.0,0.0364,01/09/2024 11:20:43 am,1.000,2.68,-0.0515,-0.038,-0.2,0.0380
01/09/2024 11:12:57 am,1.025,0.28,-0.0178,-0.037,-0.1,0.0372,01/09/2024 11:15:00 am,1.025,0.93,-0.0361,-0.019,0.0,0.0194,01/09/2024 11:15:53 am,1.025,0.67,-0.0360,-0.035,0.0,0.0348,01/09/2024 11:20:43 am,1.025,2.73,-0.0526,-0.045,-0.3,0.0453
01/09/2024 11:12:57 am,1.050,0.31,-0.0188,-0.037,0.0,0.0372,01/09/2024 11:15:00 am,1.050,0.94,-0.0366,-0.019,0.0,0.0194,01/09/2024 11:15:53 am,1.050,0.69,-0.0369,-0.036,-0.1,0.0356,01/09/2024 11:20:43 am,1.050,2.81,-0.0538,-0.052,-0.3,0.0517
01/09/2024 11:12:57 am,1.075,0.32,-0.0196,-0.036,0.0,0.0356,01/09/2024 11:15:00 am,1.075,0.94,-0.0371,-0.020,-0.1,0.0202,01/09/2024 11:15:53 am,1.075,0.72,-0.0377,-0.040,-0.1,0.0396,01/09/2024 11:20:43 am,1.075,2.87,-0.0552,-0.058,-0.2,0.0582
01/09/2024 11:12:57 am,1.100,0.34,-0.0206,-0.034,0.0,0.0340,01/09/2024 11:15:00 am,1.100,0.95,-0.0376,-0.023,-0.1,0.0226,01/09/2024 11:15:53 am,1.100,0.74,-0.0388,-0.044,-0.1,0.0437,01/09/2024 11:20:43 am,1.100,2.95,-0.0568,-0.063,-0.1,0.0631
01/09/2024 11:12:57 am,1.125,0.36,-0.0213,-0.033,0.0,0.0331,01/09/2024 11:15:00 am,1.125,0.97,-0.0382,-0.025,-0.1,0.0251,01/09/2024 11:15:53 am,1.125,0.76,-0.0400,-0.045,-0.1,0.0453,01/09/2024 11:20:43 am,1.125,3.03,-0.0584,-0.065,0.0,0.0647
01/09/2024 11:12:57 am,1.150,0.37,-0.0222,-0.033,0.0,0.0331,01/09/2024 11:15:00 am,1.150,0.98,-0.0389,-0.027,-0.1,0.0267,01/09/2024 11:15:53 am,1.150,0.79,-0.0411,-0.045,-0.1,0.0453,01/09/2024 11:20:43 am,1.150,3.11,-0.0600,-0.063,0.1,0.0631
01/09/2024 11:12:57 am,1.175,0.39,-0.0230,-0.034,0.0,0.0340,01/09/2024 11:15:00 am,1.175,1.00,-0.0395,-0.027,0.0,0.0275,01/09/2024 11:15:53 am,1.175,0.81,-0.0422,-0.048,-0.1,0.0477,01/09/2024 11:20:43 am,1.175,3.19,-0.0616,-0.060,0.0,0.0598
01/09/2024 11:12:57 am,1.200,0.40,-0.0239,-0.035,-0.1,0.0348,01/09/2024 11:15:00 am,1.200,1.02,-0.0403,-0.028,0.0,0.0283,01/09/2024 11:15:53 am,1.200,0.83,-0.0434,-0.053,-0.2,0.0534,01/09/2024 11:20:43 am,1.200,3.27,-0.0631,-0.060,-0.3,0.0598
01/09/2024 11:12:57 am,1.225,0.42,-0.0247,-0.037,-0.1,0.0372,01/09/2024 11:15:00 am,1.225,1.03,-0.0410,-0.029,0.0,0.0291,01/09/2024 11:15:53 am,1.225,0.86,-0.0449,-0.058,-0.1,0.0582,01/09/2024 11:20:43 am,1.225,3.36,-0.0644,-0.071,-0.6,0.0711
01/09/2024 11:12:57 am,1.250,0.43,-0.0257,-0.042,-0.2,0.0420,01/09/2024 11:15:00 am,1.250,1.04,-0.0417,-0.029,0.0,0.0291,01/09/2024 11:15:53 am,1.250,0.89,-0.0464,-0.059,0.0,0.0590,01/09/2024 11:20:43 am,1.250,3.47,-0.0662,-0.093,-0.6,0.0930
01/09/2024 11:12:57 am,1.275,0.46,-0.0268,-0.049,-0.2,0.0485,01/09/2024 11:15:00 am,1.275,1.05,-0.0424,-0.028,0.1,0.0283,01/09/2024 11:15:53 am,1.275,0.91,-0.0479,-0.058,0.0,0.0582,01/09/2024 11:20:43 am,1.275,3.60,-0.0691,-0.111,-0.3,0.1108
01/09/2024 11:12:57 am,1.300,0.48,-0.0281,-0.054,-0.1,0.0542,01/09/2024 11:15:00 am,1.300,1.07,-0.0432,-0.026,0.1,0.0259,01/09/2024 11:15:53 am,1.300,0.94,-0.0492,-0.058,0.0,0.0582,01/09/2024 11:20:43 am,1.300,3.74,-0.0723,-0.112,0.2,0.1116
01/09/2024 11:12:57 am,1.325,0.51,-0.0296,-0.057,0.0,0.0566,01/09/2024 11:15:00 am,1.325,1.09,-0.0438,-0.023,0.1,0.0234,01/09/2024 11:15:53 am,1.325,0.96,-0.0508,-0.060,0.0,0.0598,01/09/2024 11:20:43 am,1.325,3.88,-0.0749,-0.097,0.6,0.0970
01/09/2024 11:12:57 am,1.350,0.53,-0.0310,-0.056,0.0,0.0558,01/09/2024 11:15:00 am,1.350,1.10,-0.0443,-0.022,0.1,0.0218,01/09/2024 11:15:53 am,1.350,0.99,-0.0523,-0.061,0.0,0.0614,01/09/2024 11:20:43 am,1.350,3.98,-0.0771,-0.077,0.8,0.0768
01/09/2024 11:12:57 am,1.375,0.56,-0.0324,-0.053,0.1,0.0534,01/09/2024 11:15:00 am,1.375,1.11,-0.0449,-0.021,0.0,0.0210,01/09/2024 11:15:53 am,1.375,1.01,-0.0538,-0.061,0.1,0.0606,01/09/2024 11:20:43 am,1.375,4.07,-0.0788,-0.056,0.8,0.0558
01/09/2024 11:12:57 am,1.400,0.58,-0.0337,-0.051,0.1,0.0509,01/09/2024 11:15:00 am,1.400,1.11,-0.0454,-0.020,0.0,0.0202,01/09/2024 11:15:53 am,1.400,1.05,-0.0554,-0.058,0.1,0.0582,01/09/2024 11:20:43 am,1.400,4.13,-0.0799,-0.036,0.6,0.0364
01/09/2024 11:12:57 am,1.425,0.60,-0.0349,-0.049,0.1,0.0485,01/09/2024 11:15:00 am,1.425,1.12,-0.0458,-0.019,0.0,0.0186,01/09/2024 11:15:53 am,1.425,1.07,-0.0568,-0.055,0.1,0.0550,01/09/2024 11:20:43 am,1.425,4.16,-0.0805,-0.022,0.4,0.0218
01/09/2024 11:12:57 am,1.450,0.62,-0.0361,-0.046,0.1,0.0461,01/09/2024 11:15:00 am,1.450,1.14,-0.0463,-0.018,0.0,0.0178,01/09/2024 11:15:53 am,1.450,1.11,-0.0581,-0.054,0.1,0.0542,01/09/2024 11:20:43 am,1.450,4.17,-0.0809,-0.015,0.1,0.0154
01/09/2024 11:12:57 am,1.475,0.65,-0.0372,-0.044,0.1,0.0445,01/09/2024 11:15:00 am,1.475,1.14,-0.0467,-0.019,-0.1,0.0186,01/09/2024 11:15:53 am,1.475,1.13,-0.0594,-0.054,0.1,0.0542,01/09/2024 11:20:43 am,1.475,4.20,-0.0811,-0.016,-0.1,0.0162
01/09/2024 11:12:57 am,1.500,0.67,-0.0383,-0.044,0.0,0.0437,01/09/2024 11:15:00 am,1.500,1.15,-0.0472,-0.022,-0.1,0.0218,01/09/2024 11:15:53 am,1.500,1.16,-0.0609,-0.051,0.2,0.0509,01/09/2024 11:20:43 am,1.500,4.22,-0.0816,-0.021,-0.1,0.0210
01/09/2024 11:12:57 am,1.525,0.69,-0.0394,-0.043,0.1,0.0428,01/09/2024 11:15:00 am,1.525,1.17,-0.0478,-0.027,-0.2,0.0267,01/09/2024 11:15:53 am,1.525,1.18,-0.0621,-0.045,0.2,0.0453,01/09/2024 11:20:43 am,1.525,4.24,-0.0822,-0.025,-0.1,0.0251
01/09/2024 11:12:57 am,1.550,0.71,-0.0405,-0.041,0.1,0.0412,01/09/2024 11:15:00 am,1.550,1.18,-0.0485,-0.031,-0.2,0.0307,01/09/2024 11:15:53 am,1.550,1.20,-0.0631,-0.039,0.2,0.0388,01/09/2024 11:20:43 am,1.550,4.28,-0.0829,-0.026,0.0,0.0259
01/09/2024 11:12:57 am,1.575,0.73,-0.0415,-0.039,0.1,0.0388,01/09/2024 11:15:00 am,1.575,1.21,-0.0494,-0.034,-0.1,0.0340,01/09/2024 11:15:53 am,1.575,1.22,-0.0640,-0.035,0.2,0.0348,01/09/2024 11:20:43 am,1.575,4.32,-0.0835,-0.023,0.1,0.0234
01/09/2024 11:12:57 am,1.600,0.75,-0.0424,-0.037,0.0,0.0372,01/09/2024 11:15:00 am,1.600,1.21,-0.0502,-0.037,-0.1,0.0372,01/09/2024 11:15:53 am,1.600,1.24,-0.0648,-0.032,0.2,0.0323,01/09/2024 11:20:43 am,1.600,4.34,-0.0842,-0.020,0.0,0.0202
01/09/2024 11:12:57 am,1.625,0.77,-0.0433,-0.037,0.0,0.0372,01/09/2024 11:15:00 am,1.625,1.23,-0.0512,-0.040,-0.1,0.0404,01/09/2024 11:15:53 am,1.625,1.25,-0.0656,-0.028,0.2,0.0283,01/09/2024 11:20:43 am,1.625,4.36,-0.0845,-0.020,-0.2,0.0202
01/09/2024 11:12:57 am,1.650,0.79,-0.0443,-0.038,0.0,0.0380,01/09/2024 11:15:00 am,1.650,1.25,-0.0523,-0.044,-0.1,0.0437,01/09/2024 11:15:53 am,1.650,1.27,-0.0663,-0.021,0.2,0.0210,01/09/2024 11:20:43 am,1.650,4.39,-0.0850,-0.027,-0.5,0.0275
01/09/2024 11:12:57 am,1.675,0.81,-0.0452,-0.039,0.0,0.0388,01/09/2024 11:15:00 am,1.675,1.28,-0.0534,-0.046,-0.1,0.0461,01/09/2024 11:15:53 am,1.675,1.27,-0.0667,-0.014,0.1,0.0137,01/09/2024 11:20:43 am,1.675,4.43,-0.0857,-0.044,-0.6,0.0445
01/09/2024 11:12:57 am,1.700,0.83,-0.0462,-0.039,0.0,0.0388,01/09/2024 11:15:00 am,1.700,1.29,-0.0546,-0.048,0.0,0.0477,01/09/2024 11:15:53 am,1.700,1.29,-0.0668,-0.012,-0.1,0.0121,01/09/2024 11:20:43 am,1.700,4.51,-0.0871,-0.065,-0.6,0.0647
01/09/2024 11:12:57 am,1.725,0.85,-0.0472,-0.039,3.5E-15,0.0388,01/09/2024 11:15:00 am,1.725,1.31,-0.0558,-0.048,0.0,0.0477,01/09/2024 11:15:53 am,1.725,1.29,-0.0672,-0.019,-0.3,0.0186,01/09/2024 11:20:43 am,1.725,4.60,-0.0891,-0.080,-0.4,0.0800
01/09/2024 11:12:57 am,1.750,0.87,-0.0481,-0.039,0.0,0.0388,01/09/2024 11:15:00 am,1.750,1.34,-0.0570,-0.046,0.1,0.0461,01/09/2024 11:15:53 am,1.750,1.30,-0.0677,-0.030,-0.4,0.0299,01/09/2024 11:20:43 am,1.750,4.70,-0.0913,-0.087,-0.2,0.0873
01/09/2024 11:12:57 am,1.775,0.88,-0.0491,-0.039,0.0,0.0388,01/09/2024 11:15:00 am,1.775,1.36,-0.0581,-0.044,0.1,0.0445,01/09/2024 11:15:53 am,1.775,1.31,-0.0686,-0.040,-0.3,0.0404,01/09/2024 11:20:43 am,1.775,4.81,-0.0935,-0.087,0.1,0.0865
01/09/2024 11:12:57 am,1.800,0.91,-0.0501,-0.038,0.0,0.0380,01/09/2024 11:15:00 am,1.800,1.38,-0.0592,-0.043,0.1,0.0428,01/09/2024 11:15:53 am,1.800,1.34,-0.0698,-0.046,-0.1,0.0461,01/09/2024 11:20:43 am,1.800,4.92,-0.0958,-0.081,0.3,0.0808
01/09/2024 11:12:57 am,1.825,0.92,-0.0511,-0.036,0.1,0.0364,01/09/2024 11:15:00 am,1.825,1.40,-0.0603,-0.041,0.1,0.0412,01/09/2024 11:15:53 am,1.825,1.36,-0.0711,-0.045,0.1,0.0453,01/09/2024 11:20:43 am,1.825,5.00,-0.0976,-0.072,0.4,0.0719
01/09/2024 11:12:57 am,1.850,0.94,-0.0519,-0.034,0.1,0.0340,01/09/2024 11:15:00 am,1.850,1.43,-0.0612,-0.040,0.0,0.0396,01/09/2024 11:15:53 am,1.850,1.38,-0.0722,-0.041,0.1,0.0412,01/09/2024 11:20:43 am,1.850,5.09,-0.0993,-0.061,0.4,0.0614
01/09/2024 11:12:57 am,1.875,0.96,-0.0527,-0.031,0.1,0.0307,01/09/2024 11:15:00 am,1.875,1.45,-0.0622,-0.039,0.0,0.0388,01/09/2024 11:15:53 am,1.875,1.40,-0.0731,-0.037,0.1,0.0372,01/09/2024 11:20:43 am,1.875,5.16,-0.1008,-0.050,0.4,0.0501
01/09/2024 11:12:57 am,1.900,0.97,-0.0535,-0.028,0.0,0.0283,01/09/2024 11:15:00 am,1.900,1.47,-0.0632,-0.039,0.0,0.0388,01/09/2024 11:15:53 am,1.900,1.42,-0.0740,-0.035,0.1,0.0348,01/09/2024 11:20:43 am,1.900,5.19,-0.1019,-0.039,0.2,0.0388
01/09/2024 11:12:57 am,1.925,0.98,-0.0541,-0.028,0.0,0.0283,01/09/2024 11:15:00 am,1.925,1.49,-0.0641,-0.039,0.0,0.0388,01/09/2024 11:15:53 am,1.925,1.42,-0.0748,-0.034,0.1,0.0340,01/09/2024 11:20:43 am,1.925,5.21,-0.1026,-0.035,0.0,0.0348
01/09/2024 11:12:57 am,1.950,1.00,-0.0548,-0.031,-0.1,0.0307,01/09/2024 11:15:00 am,1.950,1.50,-0.0651,-0.039,0.0,0.0388,01/09/2024 11:15:53 am,1.950,1.46,-0.0757,-0.032,0.1,0.0315,01/09/2024 11:20:43 am,1.950,5.25,-0.1033,-0.040,-0.1,0.0396
01/09/2024 11:12:57 am,1.975,1.01,-0.0557,-0.033,-0.1,0.0331,01/09/2024 11:15:00 am,1.975,1.53,-0.0661,-0.037,0.1,0.0372,01/09/2024 11:15:53 am,1.975,1.45,-0.0765,-0.027,0.2,0.0267,01/09/2024 11:20:43 am,1.975,5.31,-0.1045,-0.044,0.0,0.0445
01/09/2024 11:12:58 am,2.000,1.03,-0.0565,-0.035,-0.1,0.0348,01/09/2024 11:15:01 am,2.000,1.55,-0.0671,-0.034,0.1,0.0340,01/09/2024 11:15:54 am,2.000,1.48,-0.0770,-0.021,0.2,0.0210,01/09/2024 11:20:44 am,2.000,5.36,-0.1059,-0.042,0.1,0.0420
01/09/2024 11:12:58 am,2.025,1.04,-0.0574,-0.037,-0.1,0.0372,01/09/2024 11:15:01 am,2.025,1.57,-0.0678,-0.031,0.1,0.0307,01/09/2024 11:15:54 am,2.025,1.48,-0.0775,-0.017,0.1,0.0170,01/09/2024 11:20:44 am,2.025,5.41,-0.1067,-0.035,0.1,0.0348
01/09/2024 11:12:58 am,2.050,1.06,-0.0583,-0.041,-0.2,0.0412,01/09/2024 11:15:01 am,2.050,1.58,-0.0685,-0.029,0.0,0.0291,01/09/2024 11:15:54 am,2.050,1.49,-0.0779,-0.015,0.1,0.0154,01/09/2024 11:20:44 am,2.050,5.45,-0.1074,-0.032,0.0,0.0323
01/09/2024 11:12:58 am,2.075,1.09,-0.0594,-0.046,-0.2,0.0461,01/09/2024 11:15:01 am,2.075,1.60,-0.0692,-0.031,0.0,0.0307,01/09/2024 11:15:54 am,2.075,1.50,-0.0782,-0.015,0.0,0.0146,01/09/2024 11:20:44 am,2.075,5.49,-0.1082,-0.036,-0.1,0.0356
01/09/2024 11:12:58 am,2.100,1.10,-0.0606,-0.051,-0.2,0.0509,01/09/2024 11:15:01 am,2.100,1.62,-0.0700,-0.032,0.0,0.0323,01/09/2024 11:15:54 am,2.100,1.50,-0.0786,-0.015,0.0,0.0146,01/09/2024 11:20:44 am,2.100,5.53,-0.1093,-0.039,-0.1,0.0388
01/09/2024 11:12:58 am,2.125,1.13,-0.0620,-0.057,-0.2,0.0566,01/09/2024 11:15:01 am,2.125,1.64,-0.0709,-0.032,0.1,0.0315,01/09/2024 11:15:54 am,2.125,1.52,-0.0789,-0.016,-0.1,0.0162,01/09/2024 11:20:44 am,2.125,5.58,-0.1102,-0.041,-0.1,0.0412
01/09/2024 11:12:58 am,2.150,1.16,-0.0634,-0.062,-0.1,0.0622,01/09/2024 11:15:01 am,2.150,1.63,-0.0717,-0.028,0.1,0.0283,01/09/2024 11:15:54 am,2.150,1.52,-0.0793,-0.020,-0.2,0.0202,01/09/2024 11:20:44 am,2.150,5.64,-0.1112,-0.044,-0.1,0.0445
01/09/2024 11:12:58 am,2.175,1.18,-0.0651,-0.065,0.0,0.0647,01/09/2024 11:15:01 am,2.175,1.66,-0.0723,-0.026,0.1,0.0259,01/09/2024 11:15:54 am,2.175,1.52,-0.0799,-0.025,-0.2,0.0251,01/09/2024 11:20:44 am,2.175,5.69,-0.1124,-0.049,-0.1,0.0493
01/09/2024 11:12:58 am,2.200,1.22,-0.0668,-0.062,0.2,0.0622,01/09/2024 11:15:01 am,2.200,1.68,-0.0729,-0.026,0.0,0.0259,01/09/2024 11:15:54 am,2.200,1.55,-0.0806,-0.029,-0.1,0.0291,01/09/2024 11:20:44 am,2.200,5.76,-0.1137,-0.052,0.0,0.0517
01/09/2024 11:12:58 am,2.225,1.25,-0.0683,-0.056,0.2,0.0558,01/09/2024 11:15:01 am,2.225,1.69,-0.0736,-0.026,0.0,0.0259,01/09/2024 11:15:54 am,2.225,1.57,-0.0814,-0.032,-0.1,0.0323,01/09/2024 11:20:44 am,2.225,5.82,-0.1151,-0.049,0.2,0.0493
01/09/2024 11:12:58 am,2.250,1.26,-0.0696,-0.049,0.3,0.0485,01/09/2024 11:15:01 am,2.250,1.70,-0.0742,-0.027,-0.1,0.0267,01/09/2024 11:15:54 am,2.250,1.58,-0.0822,-0.035,-0.1,0.0348,01/09/2024 11:20:44 am,2.250,5.88,-0.1163,-0.042,0.3,0.0420
01/09/2024 11:12:58 am,2.275,1.29,-0.0707,-0.041,0.3,0.0412,01/09/2024 11:15:01 am,2.275,1.71,-0.0748,-0.030,-0.1,0.0299,01/09/2024 11:15:54 am,2.275,1.60,-0.0832,-0.036,-0.1,0.0364,01/09/2024 11:20:44 am,2.275,5.93,-0.1173,-0.033,0.2,0.0331
01/09/2024 11:12:58 am,2.300,1.32,-0.0717,-0.033,0.3,0.0331,01/09/2024 11:15:01 am,2.300,1.73,-0.0757,-0.034,-0.1,0.0340,01/09/2024 11:15:54 am,2.300,1.62,-0.0840,-0.038,-0.1,0.0380,01/09/2024 11:20:44 am,2.300,5.96,-0.1179,-0.027,0.0,0.0275
01/09/2024 11:12:58 am,2.325,1.33,-0.0724,-0.027,0.2,0.0267,01/09/2024 11:15:01 am,2.325,1.75,-0.0766,-0.036,0.0,0.0356,01/09/2024 11:15:54 am,2.325,1.64,-0.0850,-0.041,-0.1,0.0412,01/09/2024 11:20:44 am,2.325,5.99,-0.1185,-0.030,-0.2,0.0299
01/09/2024 11:12:58 am,2.350,1.34,-0.0729,-0.023,0.1,0.0226,01/09/2024 11:15:01 am,2.350,1.76,-0.0775,-0.032,0.2,0.0323,01/09/2024 11:15:54 am,2.350,1.65,-0.0861,-0.045,-0.1,0.0453,01/09/2024 11:20:44 am,2.350,6.03,-0.1192,-0.040,-0.4,0.0404
01/09/2024 11:12:58 am,2.375,1.35,-0.0735,-0.023,0.0,0.0226,01/09/2024 11:15:01 am,2.375,1.78,-0.0783,-0.026,0.2,0.0259,01/09/2024 11:15:54 am,2.375,1.67,-0.0873,-0.049,-0.1,0.0485,01/09/2024 11:20:44 am,2.375,6.10,-0.1204,-0.053,-0.4,0.0534
01/09/2024 11:12:58 am,2.400,1.37,-0.0740,-0.025,-0.1,0.0251,01/09/2024 11:15:01 am,2.400,1.79,-0.0788,-0.021,0.1,0.0210,01/09/2024 11:15:54 am,2.400,1.71,-0.0885,-0.052,-0.1,0.0517,01/09/2024 11:20:44 am,2.400,6.17,-0.1220,-0.063,-0.3,0.0631
01/09/2024 11:12:58 am,2.425,1.39,-0.0747,-0.029,-0.2,0.0291,01/09/2024 11:15:01 am,2.425,1.79,-0.0792,-0.020,0.0,0.0202,01/09/2024 11:15:54 am,2.425,1.72,-0.0899,-0.054,-0.1,0.0542,01/09/2024 11:20:44 am,2.425,6.25,-0.1237,-0.068,-0.1,0.0679
01/09/2024 11:12:58 am,2.450,1.40,-0.0754,-0.034,-0.1,0.0340,01/09/2024 11:15:01 am,2.450,1.81,-0.0798,-0.023,0.0,0.0226,01/09/2024 11:15:54 am,2.450,1.74,-0.0913,-0.057,-0.1,0.0566,01/09/2024 11:20:44 am,2.450,6.33,-0.1254,-0.069,0.0,0.0687
01/09/2024 11:12:58 am,2.475,1.41,-0.0764,-0.037,-0.1,0.0372,01/09/2024 11:15:01 am,2.475,1.82,-0.0804,-0.023,0.0,0.0226,01/09/2024 11:15:54 am,2.475,1.77,-0.0926,-0.058,0.0,0.0582,01/09/2024 11:20:44 am,2.475,6.42,-0.1272,-0.066,0.1,0.0663
01/09/2024 11:12:58 am,2.500,1.42,-0.0774,-0.039,-1.8E-15,0.0388,01/09/2024 11:15:01 am,2.500,1.84,-0.0810,-0.019,0.0,0.0194,01/09/2024 11:15:54 am,2.500,1.81,-0.0942,-0.057,0.1,0.0574,01/09/2024 11:20:44 am,2.500,6.49,-0.1288,-0.062,0.1,0.0622
01/09/2024 11:12:58 am,2.525,1.44,-0.0783,-0.037,0.1,0.0372,01/09/2024 11:15:01 am,2.525,1.84,-0.0814,-0.018,0.0,0.0178,01/09/2024 11:15:54 am,2.525,1.83,-0.0957,-0.055,0.1,0.0550,01/09/2024 11:20:44 am,2.525,6.57,-0.1302,-0.061,-0.1,0.0606
01/09/2024 11:12:58 am,2.550,1.46,-0.0793,-0.034,0.1,0.0340,01/09/2024 11:15:01 am,2.550,1.85,-0.0817,-0.020,-0.1,0.0202,01/09/2024 11:15:54 am,2.550,1.86,-0.0969,-0.051,0.1,0.0509,01/09/2024 11:20:44 am,2.550,6.65,-0.1317,-0.065,-0.2,0.0647
01/09/2024 11:12:58 am,2.575,1.48,-0.0800,-0.030,0.2,0.0299,01/09/2024 11:15:01 am,2.575,1.86,-0.0823,-0.026,-0.1,0.0259,01/09/2024 11:15:54 am,2.575,1.89,-0.0982,-0.048,0.1,0.0477,01/09/2024 11:20:44 am,2.575,6.74,-0.1334,-0.074,-0.3,0.0736
01/09/2024 11:12:58 am,2.600,1.49,-0.0808,-0.025,0.2,0.0251,01/09/2024 11:15:01 am,2.600,1.88,-0.0831,-0.029,0.0,0.0291,01/09/2024 11:15:54 am,2.600,1.91,-0.0993,-0.044,0.1,0.0445,01/09/2024 11:20:44 am,2.600,6.83,-0.1353,-0.084,-0.3,0.0841
01/09/2024 11:12:58 am,2.625,1.50,-0.0814,-0.020,0.1,0.0202,01/09/2024 11:15:01 am,2.625,1.90,-0.0839,-0.027,0.1,0.0275,01/09/2024 11:15:54 am,2.625,1.93,-0.1004,-0.040,0.1,0.0404,01/09/2024 11:20:44 am,2.625,6.95,-0.1376,-0.092,-0.2,0.0922
01/09/2024 11:12:58 am,2.650,1.51,-0.0817,-0.017,0.0,0.0170,01/09/2024 11:15:01 am,2.650,1.91,-0.0845,-0.023,0.1,0.0234,01/09/2024 11:15:54 am,2.650,1.95,-0.1014,-0.037,0.1,0.0372,01/09/2024 11:20:44 am,2.650,7.06,-0.1401,-0.094,0.1,0.0938
01/09/2024 11:12:58 am,2.675,1.52,-0.0821,-0.017,-0.1,0.0170,01/09/2024 11:15:01 am,2.675,1.91,-0.0850,-0.019,0.1,0.0194,01/09/2024 11:15:54 am,2.675,1.96,-0.1022,-0.033,0.1,0.0331,01/09/2024 11:20:44 am,2.675,7.18,-0.1425,-0.087,0.4,0.0873
01/09/2024 11:12:58 am,2.700,1.54,-0.0826,-0.021,-0.2,0.0210,01/09/2024 11:15:01 am,2.700,1.92,-0.0855,-0.017,0.1,0.0170,01/09/2024 11:15:54 am,2.700,1.98,-0.1031,-0.030,0.1,0.0299,01/09/2024 11:20:44 am,2.700,7.28,-0.1445,-0.072,0.7,0.0719
01/09/2024 11:12:58 am,2.725,1.55,-0.0831,-0.027,-0.2,0.0275,01/09/2024 11:15:01 am,2.725,1.93,-0.0859,-0.015,0.1,0.0146,01/09/2024 11:15:54 am,2.725,2.00,-0.1037,-0.027,0.1,0.0267,01/09/2024 11:20:44 am,2.725,7.35,-0.1462,-0.049,0.8,0.0493
01/09/2024 11:12:58 am,2.750,1.56,-0.0839,-0.034,-0.2,0.0340,01/09/2024 11:15:01 am,2.750,1.94,-0.0862,-0.013,0.0,0.0129,01/09/2024 11:15:54 am,2.750,2.01,-0.1044,-0.024,0.1,0.0243,01/09/2024 11:20:44 am,2.750,7.40,-0.1471,-0.026,0.7,0.0259
01/09/2024 11:12:58 am,2.775,1.58,-0.0849,-0.039,-0.2,0.0388,01/09/2024 11:15:01 am,2.775,1.94,-0.0865,-0.012,0.0,0.0121,01/09/2024 11:15:54 am,2.775,2.02,-0.1049,-0.023,0.1,0.0226,01/09/2024 11:20:44 am,2.775,7.42,-0.1473,-0.011,0.4,0.0105
01/09/2024 11:12:58 am,2.800,1.61,-0.0859,-0.041,-0.1,0.0412,01/09/2024 11:15:01 am,2.800,1.95,-0.0868,-0.012,0.0,0.0121,01/09/2024 11:15:54 am,2.800,2.03,-0.1055,-0.021,0.1,0.0210,01/09/2024 11:20:44 am,2.800,7.42,-0.1473,-0.008,0.0,0.0081
01/09/2024 11:12:58 am,2.825,1.63,-0.0869,-0.044,-0.1,0.0437,01/09/2024 11:15:01 am,2.825,1.96,-0.0871,-0.014,-0.1,0.0137,01/09/2024 11:15:54 am,2.825,2.04,-0.1060,-0.019,0.0,0.0194,01/09/2024 11:20:44 am,2.825,7.44,-0.1476,-0.015,-0.2,0.0146
01/09/2024 11:12:58 am,2.850,1.65,-0.0880,-0.047,-0.1,0.0469,01/09/2024 11:15:01 am,2.850,1.97,-0.0874,-0.017,-0.2,0.0170,01/09/2024 11:15:54 am,2.850,2.04,-0.1065,-0.018,0.0,0.0178,01/09/2024 11:20:44 am,2.850,7.46,-0.1481,-0.023,-0.4,0.0234
01/09/2024 11:12:58 am,2.875,1.67,-0.0892,-0.050,-0.1,0.0501,01/09/2024 11:15:01 am,2.875,1.98,-0.0879,-0.023,-0.2,0.0226,01/09/2024 11:15:54 am,2.875,2.05,-0.1068,-0.019,-0.2,0.0194,01/09/2024 11:20:44 am,2.875,7.50,-0.1488,-0.032,-0.4,0.0323
01/09/2024 11:12:58 am,2.900,1.70,-0.0906,-0.052,0.0,0.0517,01/09/2024 11:15:01 am,2.900,1.99,-0.0885,-0.029,-0.2,0.0291,01/09/2024 11:15:54 am,2.900,2.08,-0.1073,-0.026,-0.3,0.0259,01/09/2024 11:20:44 am,2.900,7.53,-0.1496,-0.044,-0.4,0.0437
01/09/2024 11:12:58 am,2.925,1.72,-0.0919,-0.051,0.0,0.0509,01/09/2024 11:15:01 am,2.925,2.01,-0.0894,-0.033,0.0,0.0331,01/09/2024 11:15:54 am,2.925,2.09,-0.1080,-0.036,-0.3,0.0356,01/09/2024 11:20:44 am,2.925,7.60,-0.1509,-0.056,-0.4,0.0558
01/09/2024 11:12:58 am,2.950,1.73,-0.0931,-0.049,0.1,0.0485,01/09/2024 11:15:01 am,2.950,2.01,-0.0903,-0.032,0.1,0.0315,01/09/2024 11:15:54 am,2.950,2.11,-0.1091,-0.045,-0.3,0.0453,01/09/2024 11:20:44 am,2.950,7.69,-0.1525,-0.066,-0.3,0.0663
01/09/2024 11:12:58 am,2.975,1.75,-0.0943,-0.046,0.1,0.0461,01/09/2024 11:15:01 am,2.975,2.03,-0.0911,-0.025,0.2,0.0251,01/09/2024 11:15:54 am,2.975,2.13,-0.1103,-0.052,-0.2,0.0517,01/09/2024 11:20:44 am,2.975,7.77,-0.1542,-0.072,-0.1,0.0719
01/09/2024 11:12:59 am,3.000,1.78,-0.0954,-0.044,0.0,0.0445,01/09/2024 11:15:02 am,3.000,2.04,-0.0916,-0.020,0.1,0.0202,01/09/2024 11:15:55 am,3.000,2.15,-0.1118,-0.055,-0.1,0.0550,01/09/2024 11:20:45 am,3.000,7.86,-0.1562,-0.072,0.1,0.0719
01/09/2024 11:12:59 am,3.025,1.80,-0.0965,-0.044,0.0,0.0445,01/09/2024 11:15:02 am,3.025,2.05,-0.0919,-0.020,0.0,0.0202,01/09/2024 11:15:55 am,3.025,2.17,-0.1131,-0.057,-0.1,0.0566,01/09/2024 11:20:45 am,3.025,7.95,-0.1580,-0.065,0.4,0.0655
01/09/2024 11:12:59 am,3.050,1.83,-0.0976,-0.047,0.0,0.0469,01/09/2024 11:15:02 am,3.050,2.07,-0.0925,-0.023,-0.1,0.0226,01/09/2024 11:15:55 am,3.050,2.20,-0.1146,-0.058,0.0,0.0582,01/09/2024 11:20:45 am,3.050,8.02,-0.1596,-0.051,0.6,0.0509
01/09/2024 11:12:59 am,3.075,1.84,-0.0988,-0.049,0.0,0.0485,01/09/2024 11:15:02 am,3.075,2.08,-0.0931,-0.024,-0.1,0.0243,01/09/2024 11:15:55 am,3.075,2.24,-0.1160,-0.060,0.0,0.0598,01/09/2024 11:20:45 am,3.075,8.07,-0.1607,-0.033,0.6,0.0331
01/09/2024 11:12:59 am,3.100,1.87,-0.1002,-0.047,0.1,0.0469,01/09/2024 11:15:02 am,3.100,2.10,-0.0937,-0.026,-0.1,0.0259,01/09/2024 11:15:55 am,3.100,2.27,-0.1176,-0.059,0.1,0.0590,01/09/2024 11:20:45 am,3.100,8.11,-0.1612,-0.019,0.4,0.0186
01/09/2024 11:12:59 am,3.125,1.89,-0.1013,-0.042,0.2,0.0420,01/09/2024 11:15:02 am,3.125,2.10,-0.0943,-0.028,-0.1,0.0283,01/09/2024 11:15:55 am,3.125,2.29,-0.1191,-0.054,0.2,0.0542,01/09/2024 11:20:45 am,3.125,8.12,-0.1614,-0.011,0.1,0.0113
01/09/2024 11:12:59 am,3.150,1.91,-0.1022,-0.036,0.2,0.0364,01/09/2024 11:15:02 am,3.150,2.12,-0.0952,-0.030,0.0,0.0299,01/09/2024 11:15:55 am,3.150,2.31,-0.1204,-0.046,0.3,0.0461,01/09/2024 11:20:45 am,3.150,8.13,-0.1616,-0.015,-0.3,0.0146
01/09/2024 11:12:59 am,3.175,1.93,-0.1031,-0.033,0.1,0.0331,01/09/2024 11:15:02 am,3.175,2.13,-0.0959,-0.029,0.0,0.0291,01/09/2024 11:15:55 am,3.175,2.34,-0.1214,-0.038,0.2,0.0380,01/09/2024 11:20:45 am,3.175,8.15,-0.1619,-0.027,-0.4,0.0275
01/09/2024 11:12:59 am,3.200,1.94,-0.1038,-0.033,6.7E-15,0.0331,01/09/2024 11:15:02 am,3.200,2.15,-0.0966,-0.027,0.0,0.0275,01/09/2024 11:15:55 am,3.200,2.35,-0.1222,-0.033,0.1,0.0331,01/09/2024 11:20:45 am,3.200,8.19,-0.1629,-0.041,-0.4,0.0412
01/09/2024 11:12:59 am,3.225,1.96,-0.1046,-0.035,0.0,0.0348,01/09/2024 11:15:02 am,3.225,2.16,-0.0973,-0.028,-0.1,0.0283,01/09/2024 11:15:55 am,3.225,2.37,-0.1230,-0.032,0.1,0.0315,01/09/2024 11:20:45 am,3.225,8.24,-0.1643,-0.049,-0.3,0.0485
01/09/2024 11:12:59 am,3.250,1.97,-0.1056,-0.035,0.1,0.0348,01/09/2024 11:15:02 am,3.250,2.18,-0.0980,-0.031,-0.1,0.0307,01/09/2024 11:15:55 am,3.250,2.39,-0.1238,-0.031,0.0,0.0307,01/09/2024 11:20:45 am,3.250,8.31,-0.1654,-0.052,-0.3,0.0517
01/09/2024 11:12:59 am,3.275,1.98,-0.1065,-0.031,0.1,0.0307,01/09/2024 11:15:02 am,3.275,2.19,-0.0988,-0.034,-0.1,0.0340,01/09/2024 11:15:55 am,3.275,2.40,-0.1245,-0.029,0.0,0.0291,01/09/2024 11:20:45 am,3.275,8.38,-0.1666,-0.061,-0.4,0.0606
01/09/2024 11:12:59 am,3.300,2.00,-0.1072,-0.026,0.1,0.0259,01/09/2024 11:15:02 am,3.300,2.21,-0.0997,-0.037,-0.1,0.0372,01/09/2024 11:15:55 am,3.300,2.42,-0.1253,-0.029,-0.1,0.0291,01/09/2024 11:20:45 am,3.300,8.46,-0.1683,-0.076,-0.4,0.0760
01/09/2024 11:12:59 am,3.325,2.01,-0.1077,-0.023,0.0,0.0234,01/09/2024 11:15:02 am,3.325,2.23,-0.1006,-0.040,-0.1,0.0404,01/09/2024 11:15:55 am,3.325,2.43,-0.1259,-0.032,-0.1,0.0323,01/09/2024 11:20:45 am,3.325,8.57,-0.1705,-0.087,-0.2,0.0873
01/09/2024 11:12:59 am,3.350,2.01,-0.1083,-0.025,-0.1,0.0251,01/09/2024 11:15:02 am,3.350,2.26,-0.1017,-0.044,-0.1,0.0437,01/09/2024 11:15:55 am,3.350,2.45,-0.1268,-0.036,-0.1,0.0364,01/09/2024 11:20:45 am,3.350,8.68,-0.1729,-0.088,0.1,0.0881
01/09/2024 11:12:59 am,3.375,2.02,-0.1089,-0.028,-0.1,0.0283,01/09/2024 11:15:02 am,3.375,2.28,-0.1028,-0.047,-0.1,0.0469,01/09/2024 11:15:55 am,3.375,2.48,-0.1278,-0.039,-0.1,0.0388,01/09/2024 11:20:45 am,3.375,8.78,-0.1751,-0.082,0.2,0.0816
01/09/2024 11:12:59 am,3.400,2.04,-0.1097,-0.032,-0.2,0.0315,01/09/2024 11:15:02 am,3.400,2.29,-0.1040,-0.050,-0.1,0.0501,01/09/2024 11:15:55 am,3.400,2.49,-0.1288,-0.039,0.0,0.0388,01/09/2024 11:20:45 am,3.400,8.87,-0.1769,-0.074,0.3,0.0736
01/09/2024 11:12:59 am,3.425,2.07,-0.1105,-0.036,-0.2,0.0356,01/09/2024 11:15:02 am,3.425,2.32,-0.1054,-0.053,-0.1,0.0525,01/09/2024 11:15:55 am,3.425,2.51,-0.1298,-0.039,0.0,0.0388,01/09/2024 11:20:45 am,3.425,8.95,-0.1787,-0.067,0.3,0.0671
01/09/2024 11:12:59 am,3.450,2.07,-0.1114,-0.041,-0.2,0.0412,01/09/2024 11:15:02 am,3.450,2.35,-0.1067,-0.053,0.0,0.0534,01/09/2024 11:15:55 am,3.450,2.53,-0.1307,-0.038,0.0,0.0380,01/09/2024 11:20:45 am,3.450,9.03,-0.1803,-0.061,0.3,0.0606
01/09/2024 11:12:59 am,3.475,2.11,-0.1125,-0.047,-0.2,0.0469,01/09/2024 11:15:02 am,3.475,2.37,-0.1080,-0.054,1.4E-16,0.0542,01/09/2024 11:15:55 am,3.475,2.54,-0.1317,-0.036,0.1,0.0364,01/09/2024 11:20:45 am,3.475,9.09,-0.1818,-0.053,0.2,0.0534
01/09/2024 11:12:59 am,3.500,2.13,-0.1139,-0.051,-0.2,0.0509,01/09/2024 11:15:02 am,3.500,2.39,-0.1094,-0.054,0.0,0.0542,01/09/2024 11:15:55 am,3.500,2.57,-0.1325,-0.035,0.0,0.0348,01/09/2024 11:20:45 am,3.500,9.14,-0.1830,-0.049,0.1,0.0485
01/09/2024 11:12:59 am,3.525,2.17,-0.1151,-0.054,-0.1,0.0542,01/09/2024 11:15:02 am,3.525,2.42,-0.1108,-0.052,0.1,0.0517,01/09/2024 11:15:55 am,3.525,2.58,-0.1334,-0.034,0.0,0.0340,01/09/2024 11:20:45 am,3.525,9.19,-0.1841,-0.049,-0.1,0.0485
01/09/2024 11:12:59 am,3.550,2.18,-0.1165,-0.057,0.0,0.0566,01/09/2024 11:15:02 am,3.550,2.45,-0.1120,-0.049,0.0,0.0485,01/09/2024 11:15:55 am,3.550,2.60,-0.1342,-0.033,0.0,0.0331,01/09/2024 11:20:45 am,3.550,9.25,-0.1853,-0.054,-0.2,0.0542
01/09/2024 11:12:59 am,3.575,2.21,-0.1180,-0.057,0.0,0.0574,01/09/2024 11:15:02 am,3.575,2.47,-0.1131,-0.048,0.0,0.0477,01/09/2024 11:15:55 am,3.575,2.62,-0.1351,-0.032,0.0,0.0315,01/09/2024 11:20:45 am,3.575,9.31,-0.1867,-0.061,-0.1,0.0614
01/09/2024 11:12:59 am,3.600,2.24,-0.1194,-0.054,0.1,0.0542,01/09/2024 11:15:02 am,3.600,2.50,-0.1144,-0.051,-0.1,0.0509,01/09/2024 11:15:55 am,3.600,2.62,-0.1358,-0.030,0.0,0.0299,01/09/2024 11:20:45 am,3.600,9.39,-0.1884,-0.064,0.0,0.0639
01/09/2024 11:12:59 am,3.625,2.26,-0.1208,-0.049,0.2,0.0493,01/09/2024 11:15:02 am,3.625,2.53,-0.1157,-0.054,-0.1,0.0542,01/09/2024 11:15:55 am,3.625,2.63,-0.1365,-0.030,0.0,0.0299,01/09/2024 11:20:45 am,3.625,9.46,-0.1901,-0.060,0.2,0.0598
01/09/2024 11:12:59 am,3.650,2.28,-0.1219,-0.043,0.2,0.0428,01/09/2024 11:15:02 am,3.650,2.55,-0.1171,-0.056,-0.1,0.0558,01/09/2024 11:15:55 am,3.650,2.66,-0.1373,-0.030,0.0,0.0299,01/09/2024 11:20:45 am,3.650,9.52,-0.1915,-0.052,0.3,0.0517
01/09/2024 11:12:59 am,3.675,2.30,-0.1230,-0.036,0.2,0.0364,01/09/2024 11:15:02 am,3.675,2.58,-0.1185,-0.057,-6.7E-15,0.0566,01/09/2024 11:15:55 am,3.675,2.67,-0.1381,-0.028,0.1,0.0283,01/09/2024 11:20:45 am,3.675,9.57,-0.1927,-0.042,0.3,0.0420
01/09/2024 11:12:59 am,3.700,2.32,-0.1237,-0.032,0.2,0.0315,01/09/2024 11:15:02 am,3.700,2.61,-0.1199,-0.057,0.1,0.0566,01/09/2024 11:15:55 am,3.700,2.69,-0.1387,-0.026,0.1,0.0259,01/09/2024 11:20:45 am,3.700,9.61,-0.1937,-0.034,0.3,0.0340
01/09/2024 11:12:59 am,3.725,2.33,-0.1244,-0.028,0.1,0.0283,01/09/2024 11:15:02 am,3.725,2.64,-0.1214,-0.053,0.3,0.0534,01/09/2024 11:15:55 am,3.725,2.69,-0.1393,-0.024,0.0,0.0243,01/09/2024 11:20:45 am,3.725,9.64,-0.1943,-0.028,0.1,0.0283
01/09/2024 11:12:59 am,3.750,2.35,-0.1251,-0.026,0.1,0.0259,01/09/2024 11:15:02 am,3.750,2.66,-0.1227,-0.044,0.4,0.0445,01/09/2024 11:15:55 am,3.750,2.71,-0.1399,-0.025,0.0,0.0251,01/09/2024 11:20:45 am,3.750,9.67,-0.1950,-0.027,0.0,0.0267
01/09/2024 11:12:59 am,3.775,2.36,-0.1257,-0.023,0.0,0.0234,01/09/2024 11:15:02 am,3.775,2.67,-0.1237,-0.031,0.5,0.0307,01/09/2024 11:15:55 am,3.775,2.72,-0.1405,-0.026,0.0,0.0259,01/09/2024 11:20:45 am,3.775,9.69,-0.1956,-0.027,-0.1,0.0275
01/09/2024 11:12:59 am,3.800,2.37,-0.1262,-0.023,0.0,0.0234,01/09/2024 11:15:02 am,3.800,2.68,-0.1243,-0.017,0.4,0.0170,01/09/2024 11:15:55 am,3.800,2.73,-0.1413,-0.027,0.0,0.0267,01/09/2024 11:20:45 am,3.800,9.72,-0.1963,-0.030,-0.2,0.0299
01/09/2024 11:12:59 am,3.825,2.38,-0.1268,-0.027,-0.1,0.0267,01/09/2024 11:15:02 am,3.825,2.69,-0.1244,-0.008,0.2,0.0081,01/09/2024 11:15:55 am,3.825,2.74,-0.1419,-0.027,0.0,0.0267,01/09/2024 11:20:45 am,3.825,9.76,-0.1971,-0.036,-0.2,0.0356
01/09/2024 11:12:59 am,3.850,2.39,-0.1276,-0.029,0.0,0.0291,01/09/2024 11:15:02 am,3.850,2.70,-0.1245,-0.005,0.1,0.0049,01/09/2024 11:15:55 am,3.850,2.76,-0.1426,-0.027,0.0,0.0267,01/09/2024 11:20:45 am,3.850,9.80,-0.1980,-0.041,-0.1,0.0412
01/09/2024 11:12:59 am,3.875,2.40,-0.1284,-0.027,0.1,0.0275,01/09/2024 11:15:02 am,3.875,2.70,-0.1247,-0.006,-0.1,0.0057,01/09/2024 11:15:55 am,3.875,2.77,-0.1432,-0.028,-0.1,0.0283,01/09/2024 11:20:45 am,3.875,9.85,-0.1992,-0.044,0.1,0.0437
01/09/2024 11:12:59 am,3.900,2.41,-0.1290,-0.021,0.2,0.0210,01/09/2024 11:15:02 am,3.900,2.70,-0.1248,-0.008,-0.2,0.0081,01/09/2024 11:15:55 am,3.900,2.79,-0.1439,-0.031,-0.1,0.0307,01/09/2024 11:20:45 am,3.900,9.90,-0.2003,-0.038,0.4,0.0380
01/09/2024 11:12:59 am,3.925,2.42,-0.1295,-0.013,0.3,0.0129,01/09/2024 11:15:02 am,3.925,2.70,-0.1250,-0.013,-0.2,0.0129,01/09/2024 11:15:55 am,3.925,2.80,-0.1448,-0.034,-0.1,0.0340,01/09/2024 11:20:45 am,3.925,9.93,-0.2013,-0.023,0.5,0.0234
01/09/2024 11:12:59 am,3.950,2.42,-0.1296,-0.006,0.2,0.0065,01/09/2024 11:15:02 am,3.950,2.71,-0.1254,-0.020,-0.3,0.0202,01/09/2024 11:15:55 am,3.950,2.81,-0.1456,-0.036,0.0,0.0356,01/09/2024 11:20:45 am,3.950,9.94,-0.2017,-0.008,0.3,0.0081
01/09/2024 11:12:59 am,3.975,2.43,-0.1298,-0.002,0.1,0.0024,01/09/2024 11:15:02 am,3.975,2.73,-0.1260,-0.028,-0.3,0.0283,01/09/2024 11:15:55 am,3.975,2.83,-0.1466,-0.036,0.0,0.0356,01/09/2024 11:20:45 am,3.975,9.94,-0.2014,-0.002,0.0,0.0024
01/09/2024 11:13:00 am,4.000,2.43,-0.1298,-8.084E-4,0.0,8.0842E-4,01/09/2024 11:15:03 am,4.000,2.74,-0.1268,-0.036,-0.3,0.0356,01/09/2024 11:15:56 am,4.000,2.85,-0.1475,-0.034,0.1,0.0340,01/09/2024 11:20:46 am,4.000,9.95,-0.2014,-0.009,-0.2,0.0089
01/09/2024 11:13:00 am,4.025,2.43,-0.1298,-0.002,-0.1,0.0016,01/09/2024 11:15:03 am,4.025,2.76,-0.1278,-0.042,-0.2,0.0420,01/09/2024 11:15:56 am,4.025,2.87,-0.1483,-0.031,0.1,0.0307,01/09/2024 11:20:46 am,4.025,9.97,-0.2019,-0.017,-0.2,0.0170
01/09/2024 11:13:00 am,4.050,2.43,-0.1298,-0.006,-0.2,0.0065,01/09/2024 11:15:03 am,4.050,2.79,-0.1289,-0.048,-0.2,0.0477,01/09/2024 11:15:56 am,4.050,2.87,-0.1490,-0.028,0.1,0.0283,01/09/2024 11:20:46 am,4.050,9.98,-0.2025,-0.019,-0.1,0.0186
01/09/2024 11:13:00 am,4.075,2.43,-0.1300,-0.014,-0.2,0.0137,01/09/2024 11:15:03 am,4.075,2.81,-0.1302,-0.053,-0.2,0.0525,01/09/2024 11:15:56 am,4.075,2.90,-0.1496,-0.027,-9.6E-15,0.0275,01/09/2024 11:20:46 am,4.075,10.00,-0.2029,-0.019,-0.2,0.0194
01/09/2024 11:13:00 am,4.100,2.44,-0.1305,-0.020,-0.2,0.0202,01/09/2024 11:15:03 am,4.100,2.83,-0.1316,-0.056,-0.1,0.0558,01/09/2024 11:15:56 am,4.100,2.91,-0.1504,-0.028,-0.1,0.0283,01/09/2024 11:20:46 am,4.100,10.04,-0.2032,-0.025,-0.3,0.0251
01/09/2024 11:13:00 am,4.125,2.44,-0.1311,-0.023,-0.1,0.0234,01/09/2024 11:15:03 am,4.125,2.86,-0.1330,-0.057,-0.1,0.0574,01/09/2024 11:15:56 am,4.125,2.92,-0.1511,-0.031,-0.1,0.0307,01/09/2024 11:20:46 am,4.125,10.05,-0.2041,-0.034,-0.3,0.0340
01/09/2024 11:13:00 am,4.150,2.46,-0.1317,-0.025,-0.1,0.0251,01/09/2024 11:15:03 am,4.150,2.89,-0.1345,-0.059,0.0,0.0590,01/09/2024 11:15:56 am,4.150,2.94,-0.1518,-0.035,-0.1,0.0348,01/09/2024 11:20:46 am,4.150,10.11,-0.2051,-0.043,-0.4,0.0428
01/09/2024 11:13:00 am,4.175,2.47,-0.1323,-0.027,-0.1,0.0267,01/09/2024 11:15:03 am,4.175,2.91,-0.1359,-0.059,0.1,0.0590,01/09/2024 11:15:56 am,4.175,2.96,-0.1528,-0.038,-0.1,0.0380,01/09/2024 11:20:46 am,4.175,10.17,-0.2061,-0.052,-0.3,0.0517
01/09/2024 11:13:00 am,4.200,2.48,-0.1330,-0.029,-0.1,0.0291,01/09/2024 11:15:03 am,4.200,2.95,-0.1375,-0.057,0.1,0.0566,01/09/2024 11:15:56 am,4.200,2.99,-0.1539,-0.039,0.0,0.0388,01/09/2024 11:20:46 am,4.200,10.23,-0.2076,-0.061,-0.2,0.0606
01/09/2024 11:13:00 am,4.225,2.50,-0.1338,-0.031,0.0,0.0307,01/09/2024 11:15:03 am,4.225,2.97,-0.1388,-0.052,0.2,0.0517,01/09/2024 11:15:56 am,4.225,2.99,-0.1547,-0.039,-0.1,0.0388,01/09/2024 11:20:46 am,4.225,10.30,-0.2093,-0.065,0.0,0.0647
01/09/2024 11:13:00 am,4.250,2.51,-0.1346,-0.031,0.0,0.0307,01/09/2024 11:15:03 am,4.250,3.00,-0.1401,-0.046,0.2,0.0461,01/09/2024 11:15:56 am,4.250,3.02,-0.1557,-0.041,-0.1,0.0412,01/09/2024 11:20:46 am,4.250,10.36,-0.2110,-0.061,0.2,0.0614
01/09/2024 11:13:00 am,4.275,2.53,-0.1353,-0.029,0.1,0.0291,01/09/2024 11:15:03 am,4.275,3.03,-0.1411,-0.041,0.2,0.0412,01/09/2024 11:15:56 am,4.275,3.05,-0.1568,-0.047,-0.2,0.0469,01/09/2024 11:20:46 am,4.275,10.42,-0.2125,-0.053,0.3,0.0534
01/09/2024 11:13:00 am,4.300,2.54,-0.1361,-0.027,0.1,0.0267,01/09/2024 11:15:03 am,4.300,3.04,-0.1421,-0.036,0.2,0.0364,01/09/2024 11:15:56 am,4.300,3.07,-0.1580,-0.052,-0.2,0.0517,01/09/2024 11:20:46 am,4.300,10.48,-0.2137,-0.044,0.3,0.0437
01/09/2024 11:13:00 am,4.325,2.55,-0.1367,-0.025,0.0,0.0251,01/09/2024 11:15:03 am,4.325,3.06,-0.1430,-0.031,0.2,0.0307,01/09/2024 11:15:56 am,4.325,3.09,-0.1595,-0.055,-0.1,0.0550,01/09/2024 11:20:46 am,4.325,10.52,-0.2146,-0.036,0.1,0.0364
01/09/2024 11:13:00 am,4.350,2.56,-0.1373,-0.025,0.0,0.0251,01/09/2024 11:15:03 am,4.350,3.08,-0.1437,-0.024,0.3,0.0243,01/09/2024 11:15:56 am,4.350,3.13,-0.1608,-0.057,0.0,0.0566,01/09/2024 11:20:46 am,4.350,10.55,-0.2154,-0.035,-0.1,0.0348
01/09/2024 11:13:00 am,4.375,2.57,-0.1379,-0.027,-0.1,0.0267,01/09/2024 11:15:03 am,4.375,3.10,-0.1442,-0.017,0.2,0.0170,01/09/2024 11:15:56 am,4.375,3.16,-0.1622,-0.057,0.0,0.0566,01/09/2024 11:20:46 am,4.375,10.58,-0.2162,-0.040,-0.2,0.0404
01/09/2024 11:13:00 am,4.400,2.59,-0.1386,-0.029,-0.1,0.0291,01/09/2024 11:15:03 am,4.400,3.10,-0.1445,-0.011,0.2,0.0105,01/09/2024 11:15:56 am,4.400,3.18,-0.1637,-0.055,0.1,0.0550,01/09/2024 11:20:46 am,4.400,10.63,-0.2173,-0.050,-0.2,0.0501
01/09/2024 11:13:00 am,4.425,2.60,-0.1393,-0.033,-0.2,0.0331,01/09/2024 11:15:03 am,4.425,3.11,-0.1447,-0.007,0.1,0.0073,01/09/2024 11:15:56 am,4.425,3.20,-0.1650,-0.051,0.2,0.0509,01/09/2024 11:20:46 am,4.425,10.67,-0.2188,-0.056,0.0,0.0558
01/09/2024 11:13:00 am,4.450,2.62,-0.1402,-0.040,-0.3,0.0404,01/09/2024 11:15:03 am,4.450,3.11,-0.1448,-0.007,1.0E-14,0.0073,01/09/2024 11:15:56 am,4.450,3.23,-0.1663,-0.046,0.2,0.0461,01/09/2024 11:20:46 am,4.450,10.74,-0.2203,-0.053,0.3,0.0525
01/09/2024 11:13:00 am,4.475,2.65,-0.1413,-0.051,-0.4,0.0509,01/09/2024 11:15:03 am,4.475,3.12,-0.1450,-0.009,-4.1E-15,0.0089,01/09/2024 11:15:56 am,4.475,3.26,-0.1673,-0.040,0.2,0.0404,01/09/2024 11:20:46 am,4.475,10.77,-0.2215,-0.040,0.6,0.0404
01/09/2024 11:13:00 am,4.500,2.67,-0.1427,-0.061,-0.3,0.0606,01/09/2024 11:15:03 am,4.500,3.13,-0.1453,-0.009,0.1,0.0089,01/09/2024 11:15:56 am,4.500,3.28,-0.1683,-0.034,0.2,0.0340,01/09/2024 11:20:46 am,4.500,10.81,-0.2224,-0.022,0.6,0.0218
01/09/2024 11:13:00 am,4.525,2.70,-0.1444,-0.066,-0.1,0.0663,01/09/2024 11:15:03 am,4.525,3.12,-0.1455,-0.006,0.1,0.0057,01/09/2024 11:15:56 am,4.525,3.29,-0.1690,-0.027,0.2,0.0275,01/09/2024 11:20:46 am,4.525,10.81,-0.2228,-0.003,0.5,0.0032
01/09/2024 11:13:00 am,4.550,2.73,-0.1461,-0.066,0.0,0.0663,01/09/2024 11:15:03 am,4.550,3.12,-0.1456,-8.084E-4,0.1,8.0842E-4,01/09/2024 11:15:56 am,4.550,3.31,-0.1696,-0.022,0.2,0.0218,01/09/2024 11:20:46 am,4.550,10.80,-0.2224,0.007,0.2,0.0073
01/09/2024 11:13:00 am,4.575,2.77,-0.1478,-0.063,0.2,0.0631,01/09/2024 11:15:03 am,4.575,3.12,-0.1455,0.002,0.0,0.0024,01/09/2024 11:15:56 am,4.575,3.32,-0.1701,-0.017,0.2,0.0170,01/09/2024 11:20:46 am,4.575,10.78,-0.2220,0.006,-0.2,0.0057
01/09/2024 11:13:00 am,4.600,2.80,-0.1493,-0.057,0.3,0.0574,01/09/2024 11:15:03 am,4.600,3.13,-0.1454,0.002,-0.1,0.0016,01/09/2024 11:15:56 am,4.600,3.32,-0.1705,-0.011,0.3,0.0113,01/09/2024 11:20:46 am,4.600,10.78,-0.2220,-0.004,-0.4,0.0040
01/09/2024 11:13:00 am,4.625,2.81,-0.1507,-0.050,0.3,0.0501,01/09/2024 11:15:03 am,4.625,3.12,-0.1454,-0.002,-0.1,0.0024,01/09/2024 11:15:56 am,4.625,3.33,-0.1707,-0.004,0.3,0.0040,01/09/2024 11:20:46 am,4.625,10.78,-0.2223,-0.015,-0.4,0.0154
01/09/2024 11:13:00 am,4.650,2.84,-0.1518,-0.041,0.3,0.0412,01/09/2024 11:15:03 am,4.650,3.13,-0.1455,-0.006,-0.1,0.0057,01/09/2024 11:15:56 am,4.650,3.32,-0.1707,0.005,0.3,0.0049,01/09/2024 11:20:46 am,4.650,10.80,-0.2228,-0.027,-0.4,0.0267
01/09/2024 11:13:00 am,4.675,2.85,-0.1528,-0.033,0.3,0.0331,01/09/2024 11:15:03 am,4.675,3.13,-0.1458,-0.006,0.0,0.0065,01/09/2024 11:15:56 am,4.675,3.32,-0.1705,0.014,0.2,0.0137,01/09/2024 11:20:46 am,4.675,10.84,-0.2236,-0.039,-0.3,0.0388
01/09/2024 11:13:00 am,4.700,2.87,-0.1534,-0.028,0.2,0.0283,01/09/2024 11:15:03 am,4.700,3.13,-0.1459,-0.006,0.1,0.0057,01/09/2024 11:15:56 am,4.700,3.32,-0.1700,0.019,0.1,0.0186,01/09/2024 11:20:46 am,4.700,10.89,-0.2247,-0.045,-0.2,0.0453
01/09/2024 11:13:00 am,4.725,2.87,-0.1541,-0.025,0.2,0.0251,01/09/2024 11:15:03 am,4.725,3.12,-0.1460,-0.003,0.1,0.0032,01/09/2024 11:15:56 am,4.725,3.31,-0.1694,0.018,0.0,0.0178,01/09/2024 11:20:46 am,4.725,10.93,-0.2262,-0.045,-0.1,0.0453
01/09/2024 11:13:00 am,4.750,2.90,-0.1547,-0.021,0.2,0.0210,01/09/2024 11:15:03 am,4.750,3.13,-0.1461,-8.084E-4,0.1,8.0842E-4,01/09/2024 11:15:56 am,4.750,3.30,-0.1690,0.014,-0.1,0.0137,01/09/2024 11:20:46 am,4.750,10.98,-0.2270,-0.046,-0.2,0.0461
01/09/2024 11:13:00 am,4.775,2.90,-0.1552,-0.015,0.2,0.0154,01/09/2024 11:15:03 am,4.775,3.14,-0.1460,0.002,0.0,0.0016,01/09/2024 11:15:56 am,4.775,3.29,-0.1688,0.011,-0.1,0.0113,01/09/2024 11:20:46 am,4.775,11.04,-0.2281,-0.055,-0.4,0.0550
01/09/2024 11:13:00 am,4.800,2.91,-0.1555,-0.011,0.1,0.0113,01/09/2024 11:15:03 am,4.800,3.13,-0.1460,0.002,0.0,0.0024,01/09/2024 11:15:56 am,4.800,3.28,-0.1686,0.011,-0.1,0.0113,01/09/2024 11:20:46 am,4.800,11.12,-0.2297,-0.069,-0.3,0.0687
01/09/2024 11:13:00 am,4.825,2.92,-0.1557,-0.010,0.0,0.0097,01/09/2024 11:15:03 am,4.825,3.13,-0.1459,8.084E-4,-0.1,8.0842E-4,01/09/2024 11:15:56 am,4.825,3.28,-0.1682,0.008,-0.2,0.0081,01/09/2024 11:20:46 am,4.825,11.17,-0.2317,-0.075,0.0,0.0752
01/09/2024 11:13:00 am,4.850,2.92,-0.1559,-0.011,0.0,0.0105,01/09/2024 11:15:03 am,4.850,3.13,-0.1459,-0.003,-0.2,0.0032,01/09/2024 11:15:56 am,4.850,3.28,-0.1679,-8.084E-4,-0.4,8.0842E-4,01/09/2024 11:20:46 am,4.850,11.25,-0.2337,-0.069,0.4,0.0687
01/09/2024 11:13:00 am,4.875,2.92,-0.1562,-0.011,0.0,0.0113,01/09/2024 11:15:03 am,4.875,3.13,-0.1460,-0.009,-0.2,0.0089,01/09/2024 11:15:56 am,4.875,3.29,-0.1682,-0.014,-0.5,0.0137,01/09/2024 11:20:46 am,4.875,11.31,-0.2354,-0.053,0.6,0.0525
01/09/2024 11:13:00 am,4.900,2.93,-0.1565,-0.011,0.0,0.0113,01/09/2024 11:15:03 am,4.900,3.14,-0.1464,-0.014,-0.2,0.0137,01/09/2024 11:15:56 am,4.900,3.29,-0.1687,-0.027,-0.5,0.0267,01/09/2024 11:20:46 am,4.900,11.35,-0.2363,-0.035,0.5,0.0348
01/09/2024 11:13:00 am,4.925,2.93,-0.1568,-0.011,0.0,0.0113,01/09/2024 11:15:03 am,4.925,3.15,-0.1467,-0.019,-0.3,0.0186,01/09/2024 11:15:56 am,4.925,3.31,-0.1695,-0.039,-0.5,0.0388,01/09/2024 11:20:46 am,4.925,11.36,-0.2369,-0.023,0.2,0.0234
01/09/2024 11:13:00 am,4.950,2.94,-0.1570,-0.012,-0.1,0.0121,01/09/2024 11:15:03 am,4.950,3.16,-0.1472,-0.026,-0.4,0.0259,01/09/2024 11:15:56 am,4.950,3.33,-0.1706,-0.051,-0.4,0.0509,01/09/2024 11:20:46 am,4.950,11.38,-0.2373,-0.022,-0.1,0.0218
01/09/2024 11:13:00 am,4.975,2.95,-0.1574,-0.015,-0.1,0.0146,01/09/2024 11:15:03 am,4.975,3.18,-0.1479,-0.037,-0.4,0.0372,01/09/2024 11:15:56 am,4.975,3.36,-0.1721,-0.061,-0.3,0.0606,01/09/2024 11:20:46 am,4.975,11.40,-0.2379,-0.028,-0.3,0.0283
01/09/2024 11:13:01 am,5.000,2.95,-0.1578,-0.019,-0.2,0.0186,01/09/2024 11:15:04 am,5.000,3.20,-0.1490,-0.050,-0.4,0.0501,01/09/2024 11:15:57 am,5.000,3.39,-0.1738,-0.067,-0.2,0.0671,01/09/2024 11:20:47 am,5.000,11.44,-0.2386,-0.040,-0.5,0.0404
01/09/2024 11:13:01 am,5.025,2.96,-0.1582,-0.024,-0.2,0.0243,01/09/2024 11:15:04 am,5.025,3.23,-0.1505,-0.061,-0.3,0.0606,01/09/2024 11:15:57 am,5.025,3.42,-0.1755,-0.070,-0.1,0.0695,01/09/2024 11:20:47 am,5.025,11.49,-0.2399,-0.054,-0.5,0.0542
01/09/2024 11:13:01 am,5.050,2.98,-0.1590,-0.032,-0.3,0.0315,01/09/2024 11:15:04 am,5.050,3.26,-0.1522,-0.066,-0.2,0.0663,01/09/2024 11:15:57 am,5.050,3.45,-0.1773,-0.070,-0.1,0.0703,01/09/2024 11:20:47 am,5.050,11.55,-0.2414,-0.066,-0.3,0.0663
01/09/2024 11:13:01 am,5.075,3.00,-0.1598,-0.039,-0.3,0.0388,01/09/2024 11:15:04 am,5.075,3.30,-0.1539,-0.067,0.0,0.0671,01/09/2024 11:15:57 am,5.075,3.47,-0.1790,-0.072,0.0,0.0719,01/09/2024 11:20:47 am,5.075,11.63,-0.2433,-0.074,-0.1,0.0736
01/09/2024 11:13:01 am,5.100,3.01,-0.1609,-0.046,-0.2,0.0461,01/09/2024 11:15:04 am,5.100,3.32,-0.1556,-0.066,-0.1,0.0663,01/09/2024 11:15:57 am,5.100,3.52,-0.1808,-0.073,0.0,0.0728,01/09/2024 11:20:47 am,5.100,11.71,-0.2452,-0.072,0.2,0.0719
01/09/2024 11:13:01 am,5.125,3.04,-0.1621,-0.052,-0.1,0.0517,01/09/2024 11:15:04 am,5.125,3.36,-0.1572,-0.068,-0.1,0.0679,01/09/2024 11:15:57 am,5.125,3.56,-0.1827,-0.071,0.1,0.0711,01/09/2024 11:20:47 am,5.125,11.76,-0.2471,-0.060,0.5,0.0598
01/09/2024 11:13:01 am,5.150,3.05,-0.1636,-0.053,0.0,0.0534,01/09/2024 11:15:04 am,5.150,3.40,-0.1589,-0.074,-0.2,0.0736,01/09/2024 11:15:57 am,5.150,3.58,-0.1844,-0.065,0.2,0.0655,01/09/2024 11:20:47 am,5.150,11.81,-0.2483,-0.043,0.6,0.0428
01/09/2024 11:13:01 am,5.175,3.09,-0.1649,-0.052,0.0,0.0517,01/09/2024 11:15:04 am,5.175,3.43,-0.1608,-0.082,-0.2,0.0816,01/09/2024 11:15:57 am,5.175,3.61,-0.1860,-0.059,0.2,0.0590,01/09/2024 11:20:47 am,5.175,11.83,-0.2491,-0.027,0.5,0.0267
01/09/2024 11:13:01 am,5.200,3.11,-0.1661,-0.050,0.0,0.0501,01/09/2024 11:15:04 am,5.200,3.49,-0.1630,-0.087,0.0,0.0865,01/09/2024 11:15:57 am,5.200,3.64,-0.1874,-0.056,0.1,0.0558,01/09/2024 11:20:47 am,5.200,11.83,-0.2497,-0.016,0.2,0.0162
01/09/2024 11:13:01 am,5.225,3.14,-0.1673,-0.050,0.0,0.0501,01/09/2024 11:15:04 am,5.225,3.53,-0.1653,-0.085,0.2,0.0849,01/09/2024 11:15:57 am,5.225,3.67,-0.1887,-0.055,0.0,0.0550,01/09/2024 11:20:47 am,5.225,11.84,-0.2498,-0.014,-0.2,0.0137
01/09/2024 11:13:01 am,5.250,3.16,-0.1687,-0.049,0.1,0.0493,01/09/2024 11:15:04 am,5.250,3.57,-0.1673,-0.076,0.4,0.0760,01/09/2024 11:15:57 am,5.250,3.70,-0.1901,-0.055,0.0,0.0550,01/09/2024 11:20:47 am,5.250,11.85,-0.2500,-0.023,-0.6,0.0226
01/09/2024 11:13:01 am,5.275,3.18,-0.1699,-0.047,0.1,0.0469,01/09/2024 11:15:04 am,5.275,3.58,-0.1692,-0.062,0.6,0.0622,01/09/2024 11:15:57 am,5.275,3.73,-0.1915,-0.053,0.1,0.0534,01/09/2024 11:20:47 am,5.275,11.87,-0.2508,-0.045,-0.7,0.0453
01/09/2024 11:13:01 am,5.300,3.20,-0.1710,-0.044,0.1,0.0437,01/09/2024 11:15:04 am,5.300,3.60,-0.1705,-0.046,0.6,0.0461,01/09/2024 11:15:57 am,5.300,3.76,-0.1928,-0.051,0.1,0.0509,01/09/2024 11:20:47 am,5.300,11.93,-0.2521,-0.070,-0.5,0.0695
01/09/2024 11:13:01 am,5.325,3.21,-0.1721,-0.041,0.1,0.0412,01/09/2024 11:15:04 am,5.325,3.61,-0.1715,-0.030,0.6,0.0299,01/09/2024 11:15:57 am,5.325,3.79,-0.1940,-0.048,0.1,0.0477,01/09/2024 11:20:47 am,5.325,12.02,-0.2545,-0.079,0.0,0.0792
01/09/2024 11:13:01 am,5.350,3.23,-0.1730,-0.040,0.0,0.0396,01/09/2024 11:15:04 am,5.350,3.63,-0.1719,-0.017,0.4,0.0170,01/09/2024 11:15:57 am,5.350,3.81,-0.1952,-0.044,0.1,0.0437,01/09/2024 11:20:47 am,5.350,12.09,-0.2567,-0.068,0.6,0.0679
01/09/2024 11:13:01 am,5.375,3.25,-0.1740,-0.039,0.0,0.0388,01/09/2024 11:15:04 am,5.375,3.63,-0.1722,-0.008,0.2,0.0081,01/09/2024 11:15:57 am,5.375,3.83,-0.1962,-0.040,0.1,0.0404,01/09/2024 11:20:47 am,5.375,12.14,-0.2580,-0.043,0.8,0.0428
01/09/2024 11:13:01 am,5.400,3.28,-0.1750,-0.039,0.0,0.0388,01/09/2024 11:15:04 am,5.400,3.64,-0.1723,-0.005,0.1,0.0049,01/09/2024 11:15:57 am,5.400,3.85,-0.1972,-0.040,0.0,0.0396,01/09/2024 11:20:47 am,5.400,12.16,-0.2588,-0.021,0.5,0.0210
01/09/2024 11:13:01 am,5.425,3.30,-0.1760,-0.038,0.0,0.0380,01/09/2024 11:15:04 am,5.425,3.64,-0.1723,-0.006,-0.1,0.0057,01/09/2024 11:15:57 am,5.425,3.86,-0.1981,-0.042,-0.1,0.0420,01/09/2024 11:20:47 am,5.425,12.16,-0.2589,-0.012,0.1,0.0121
01/09/2024 11:13:01 am,5.450,3.32,-0.1769,-0.036,0.1,0.0364,01/09/2024 11:15:04 am,5.450,3.65,-0.1726,-0.011,-0.2,0.0105,01/09/2024 11:15:57 am,5.450,3.89,-0.1992,-0.046,-0.2,0.0461,01/09/2024 11:20:47 am,5.450,12.15,-0.2590,-0.019,-0.4,0.0186
01/09/2024 11:13:01 am,5.475,3.34,-0.1778,-0.035,0.0,0.0348,01/09/2024 11:15:04 am,5.475,3.66,-0.1728,-0.018,-0.3,0.0178,01/09/2024 11:15:57 am,5.475,3.91,-0.2004,-0.051,-0.2,0.0509,01/09/2024 11:20:47 am,5.475,12.17,-0.2596,-0.036,-0.7,0.0356
01/09/2024 11:13:01 am,5.500,3.35,-0.1786,-0.034,0.0,0.0340,01/09/2024 11:15:04 am,5.500,3.67,-0.1734,-0.025,-0.3,0.0251,01/09/2024 11:15:57 am,5.500,3.93,-0.2018,-0.055,-0.1,0.0550,01/09/2024 11:20:47 am,5.500,12.23,-0.2608,-0.056,-0.8,0.0558
01/09/2024 11:13:01 am,5.525,3.37,-0.1795,-0.033,0.0,0.0331,01/09/2024 11:15:04 am,5.525,3.68,-0.1741,-0.032,-0.2,0.0315,01/09/2024 11:15:57 am,5.525,3.95,-0.2032,-0.058,-0.1,0.0582,01/09/2024 11:20:47 am,5.525,12.29,-0.2624,-0.076,-0.7,0.0760
01/09/2024 11:13:01 am,5.550,3.39,-0.1803,-0.032,0.0,0.0323,01/09/2024 11:15:04 am,5.550,3.70,-0.1750,-0.036,-0.2,0.0356,01/09/2024 11:15:57 am,5.550,3.97,-0.2047,-0.061,-0.1,0.0606,01/09/2024 11:20:47 am,5.550,12.38,-0.2646,-0.094,-0.5,0.0938
01/09/2024 11:13:01 am,5.575,3.40,-0.1810,-0.032,0.0,0.0315,01/09/2024 11:15:04 am,5.575,3.72,-0.1760,-0.039,-0.1,0.0388,01/09/2024 11:15:57 am,5.575,4.01,-0.2063,-0.062,0.0,0.0622,01/09/2024 11:20:47 am,5.575,12.47,-0.2673,-0.103,-0.3,0.1027
01/09/2024 11:13:01 am,5.600,3.43,-0.1819,-0.032,0.0,0.0315,01/09/2024 11:15:04 am,5.600,3.74,-0.1769,-0.040,0.0,0.0404,01/09/2024 11:15:57 am,5.600,4.05,-0.2078,-0.063,0.0,0.0631,01/09/2024 11:20:47 am,5.600,12.56,-0.2701,-0.104,-0.1,0.1043
01/09/2024 11:13:01 am,5.625,3.43,-0.1826,-0.033,0.0,0.0331,01/09/2024 11:15:04 am,5.625,3.76,-0.1780,-0.040,0.0,0.0404,01/09/2024 11:15:57 am,5.625,4.08,-0.2094,-0.061,0.1,0.0614,01/09/2024 11:20:47 am,5.625,12.66,-0.2724,-0.104,0.1,0.1043
01/09/2024 11:13:01 am,5.650,3.44,-0.1835,-0.034,0.0,0.0340,01/09/2024 11:15:04 am,5.650,3.78,-0.1790,-0.040,0.0,0.0396,01/09/2024 11:15:57 am,5.650,4.11,-0.2110,-0.057,0.2,0.0574,01/09/2024 11:20:47 am,5.650,12.75,-0.2751,-0.100,0.4,0.1002
01/09/2024 11:13:01 am,5.675,3.45,-0.1844,-0.033,0.1,0.0331,01/09/2024 11:15:04 am,5.675,3.79,-0.1800,-0.038,0.0,0.0380,01/09/2024 11:15:57 am,5.675,4.14,-0.2123,-0.052,0.2,0.0517,01/09/2024 11:20:47 am,5.675,12.82,-0.2778,-0.087,0.6,0.0865
01/09/2024 11:13:01 am,5.700,3.47,-0.1852,-0.030,0.1,0.0299,01/09/2024 11:15:04 am,5.700,3.82,-0.1809,-0.037,0.0,0.0372,01/09/2024 11:15:57 am,5.700,4.16,-0.2135,-0.046,0.2,0.0461,01/09/2024 11:20:47 am,5.700,12.88,-0.2796,-0.065,0.6,0.0655
01/09/2024 11:13:01 am,5.725,3.49,-0.1859,-0.026,0.1,0.0259,01/09/2024 11:15:04 am,5.725,3.84,-0.1818,-0.037,0.0,0.0372,01/09/2024 11:15:57 am,5.725,4.18,-0.2146,-0.042,0.2,0.0420,01/09/2024 11:20:47 am,5.725,12.91,-0.2808,-0.051,0.3,0.0509
01/09/2024 11:13:01 am,5.750,3.50,-0.1865,-0.023,0.0,0.0234,01/09/2024 11:15:04 am,5.750,3.86,-0.1827,-0.039,-0.1,0.0388,01/09/2024 11:15:57 am,5.750,4.20,-0.2156,-0.038,0.2,0.0380,01/09/2024 11:20:47 am,5.750,12.95,-0.2819,-0.049,0.0,0.0493
01/09/2024 11:13:01 am,5.775,3.52,-0.1870,-0.024,-0.1,0.0243,01/09/2024 11:15:04 am,5.775,3.87,-0.1837,-0.041,0.0,0.0412,01/09/2024 11:15:57 am,5.775,4.22,-0.2166,-0.034,0.1,0.0340,01/09/2024 11:20:47 am,5.775,12.99,-0.2831,-0.056,-0.1,0.0558
01/09/2024 11:13:01 am,5.800,3.53,-0.1876,-0.029,-0.2,0.0291,01/09/2024 11:15:04 am,5.800,3.89,-0.1848,-0.042,0.1,0.0420,01/09/2024 11:15:57 am,5.800,4.24,-0.2173,-0.031,0.1,0.0307,01/09/2024 11:20:47 am,5.800,13.04,-0.2847,-0.060,0.0,0.0598
01/09/2024 11:13:01 am,5.825,3.54,-0.1884,-0.036,-0.2,0.0356,01/09/2024 11:15:04 am,5.825,3.90,-0.1859,-0.039,0.2,0.0388,01/09/2024 11:15:57 am,5.825,4.25,-0.2180,-0.030,0.0,0.0299,01/09/2024 11:20:47 am,5.825,13.09,-0.2864,-0.057,0.2,0.0574
01/09/2024 11:13:01 am,5.850,3.55,-0.1894,-0.040,-0.1,0.0396,01/09/2024 11:15:04 am,5.850,3.91,-0.1869,-0.031,0.4,0.0307,01/09/2024 11:15:57 am,5.850,4.26,-0.2188,-0.032,-0.1,0.0323,01/09/2024 11:20:47 am,5.850,13.14,-0.2876,-0.050,0.3,0.0501
01/09/2024 11:13:01 am,5.875,3.57,-0.1905,-0.040,0.0,0.0404,01/09/2024 11:15:04 am,5.875,3.93,-0.1875,-0.019,0.4,0.0194,01/09/2024 11:15:57 am,5.875,4.28,-0.2196,-0.036,-0.1,0.0356,01/09/2024 11:20:47 am,5.875,13.18,-0.2888,-0.041,0.3,0.0412
01/09/2024 11:13:01 am,5.900,3.59,-0.1915,-0.040,0.0,0.0404,01/09/2024 11:15:04 am,5.900,3.94,-0.1878,-0.008,0.3,0.0081,01/09/2024 11:15:57 am,5.900,4.31,-0.2206,-0.039,-0.1,0.0388,01/09/2024 11:20:47 am,5.900,13.19,-0.2898,-0.032,0.2,0.0323
01/09/2024 11:13:01 am,5.925,3.61,-0.1924,-0.041,-0.1,0.0412,01/09/2024 11:15:04 am,5.925,3.94,-0.1878,-0.002,0.1,0.0024,01/09/2024 11:15:57 am,5.925,4.32,-0.2215,-0.040,-0.1,0.0404,01/09/2024 11:20:47 am,5.925,13.21,-0.2904,-0.028,-0.1,0.0283
01/09/2024 11:13:01 am,5.950,3.63,-0.1935,-0.044,-0.1,0.0437,01/09/2024 11:15:04 am,5.950,3.95,-0.1877,-0.005,-0.2,0.0049,01/09/2024 11:15:57 am,5.950,4.34,-0.2226,-0.042,-0.1,0.0420,01/09/2024 11:20:47 am,5.950,13.24,-0.2909,-0.035,-0.3,0.0348
01/09/2024 11:13:01 am,5.975,3.65,-0.1946,-0.046,-0.1,0.0461,01/09/2024 11:15:04 am,5.975,3.95,-0.1880,-0.013,-0.3,0.0129,01/09/2024 11:15:57 am,5.975,4.37,-0.2236,-0.044,-0.1,0.0445,01/09/2024 11:20:47 am,5.975,13.26,-0.2920,-0.047,-0.3,0.0469
01/09/2024 11:13:02 am,6.000,3.67,-0.1958,-0.048,-5.6E-15,0.0477,01/09/2024 11:15:05 am,6.000,3.96,-0.1884,-0.021,-0.3,0.0210,01/09/2024 11:15:58 am,6.000,4.39,-0.2248,-0.048,-0.1,0.0477,01/09/2024 11:20:48 am,6.000,13.32,-0.2935,-0.055,-0.2,0.0550
01/09/2024 11:13:02 am,6.025,3.69,-0.1971,-0.047,0.1,0.0469,01/09/2024 11:15:05 am,6.025,3.97,-0.1890,-0.027,-0.2,0.0275,01/09/2024 11:15:58 am,6.025,4.41,-0.2260,-0.050,-0.1,0.0501,01/09/2024 11:20:48 am,6.025,13.37,-0.2949,-0.055,0.0,0.0550
01/09/2024 11:13:02 am,6.050,3.72,-0.1983,-0.043,0.2,0.0428,01/09/2024 11:15:05 am,6.050,3.98,-0.1898,-0.032,-0.1,0.0323,01/09/2024 11:15:58 am,6.050,4.44,-0.2274,-0.052,-0.1,0.0517,01/09/2024 11:20:48 am,6.050,13.41,-0.2962,-0.052,0.0,0.0517
01/09/2024 11:13:02 am,6.075,3.74,-0.1992,-0.037,0.2,0.0372,01/09/2024 11:15:05 am,6.075,4.00,-0.1907,-0.035,-0.1,0.0348,01/09/2024 11:15:58 am,6.075,4.46,-0.2286,-0.053,0.0,0.0534,01/09/2024 11:20:48 am,6.075,13.46,-0.2975,-0.053,-0.1,0.0525
01/09/2024 11:13:02 am,6.100,3.75,-0.2001,-0.031,0.2,0.0307,01/09/2024 11:15:05 am,6.100,4.02,-0.1916,-0.035,0.0,0.0348,01/09/2024 11:15:58 am,6.100,4.48,-0.2300,-0.054,0.0,0.0542,01/09/2024 11:20:48 am,6.100,13.50,-0.2987,-0.059,-0.2,0.0590
01/09/2024 11:13:02 am,6.125,3.77,-0.2008,-0.024,0.2,0.0243,01/09/2024 11:15:05 am,6.125,4.04,-0.1924,-0.033,0.1,0.0331,01/09/2024 11:15:58 am,6.125,4.51,-0.2314,-0.053,0.1,0.0525,01/09/2024 11:20:48 am,6.125,13.56,-0.3004,-0.065,0.0,0.0655
01/09/2024 11:13:02 am,6.150,3.79,-0.2013,-0.019,0.2,0.0186,01/09/2024 11:15:05 am,6.150,4.06,-0.1933,-0.032,0.1,0.0315,01/09/2024 11:15:58 am,6.150,4.53,-0.2327,-0.049,0.1,0.0485,01/09/2024 11:20:48 am,6.150,13.62,-0.3022,-0.065,0.2,0.0647
01/09/2024 11:13:02 am,6.175,3.79,-0.2017,-0.015,0.1,0.0146,01/09/2024 11:15:05 am,6.175,4.06,-0.1940,-0.027,0.2,0.0275,01/09/2024 11:15:58 am,6.175,4.55,-0.2338,-0.044,0.1,0.0445,01/09/2024 11:20:48 am,6.175,13.66,-0.3038,-0.054,0.4,0.0542
01/09/2024 11:13:02 am,6.200,3.79,-0.2020,-0.014,0.0,0.0137,01/09/2024 11:15:05 am,6.200,4.08,-0.1947,-0.020,0.3,0.0202,01/09/2024 11:15:58 am,6.200,4.58,-0.2349,-0.041,0.1,0.0412,01/09/2024 11:20:48 am,6.200,13.69,-0.3050,-0.040,0.4,0.0404
01/09/2024 11:13:02 am,6.225,3.81,-0.2023,-0.016,-0.1,0.0162,01/09/2024 11:15:05 am,6.225,4.08,-0.1951,-0.012,0.2,0.0121,01/09/2024 11:15:58 am,6.225,4.60,-0.2359,-0.040,0.0,0.0396,01/09/2024 11:20:48 am,6.225,13.70,-0.3057,-0.030,0.4,0.0299
01/09/2024 11:13:02 am,6.250,3.82,-0.2028,-0.021,-0.2,0.0210,01/09/2024 11:15:05 am,6.250,4.09,-0.1952,-0.006,0.2,0.0065,01/09/2024 11:15:58 am,6.250,4.62,-0.2368,-0.040,-0.1,0.0404,01/09/2024 11:20:48 am,6.250,13.72,-0.3063,-0.023,0.3,0.0234
01/09/2024 11:13:02 am,6.275,3.82,-0.2034,-0.025,-0.1,0.0251,01/09/2024 11:15:05 am,6.275,4.08,-0.1954,-0.004,0.1,0.0040,01/09/2024 11:15:58 am,6.275,4.64,-0.2378,-0.044,-0.1,0.0437,01/09/2024 11:20:48 am,6.275,13.73,-0.3069,-0.017,0.3,0.0170
01/09/2024 11:13:02 am,6.300,3.83,-0.2041,-0.027,-0.1,0.0275,01/09/2024 11:15:05 am,6.300,4.08,-0.1955,-0.002,0.1,0.0016,01/09/2024 11:15:58 am,6.300,4.67,-0.2390,-0.045,3.6E-15,0.0453,01/09/2024 11:20:48 am,6.300,13.72,-0.3073,-0.007,0.3,0.0073
01/09/2024 11:13:02 am,6.325,3.85,-0.2047,-0.028,0.0,0.0283,01/09/2024 11:15:05 am,6.325,4.10,-0.1955,8.084E-4,0.1,8.0842E-4,01/09/2024 11:15:58 am,6.325,4.68,-0.2402,-0.044,0.0,0.0437,01/09/2024 11:20:48 am,6.325,13.70,-0.3073,0.002,0.2,0.0024
01/09/2024 11:13:02 am,6.350,3.85,-0.2055,-0.026,0.1,0.0259,01/09/2024 11:15:05 am,6.350,4.10,-0.1954,0.002,0.0,0.0016,01/09/2024 11:15:58 am,6.350,4.70,-0.2412,-0.040,0.0,0.0404,01/09/2024 11:20:48 am,6.350,13.68,-0.3070,0.006,0.0,0.0065
01/09/2024 11:13:02 am,6.375,3.87,-0.2061,-0.021,0.1,0.0210,01/09/2024 11:15:05 am,6.375,4.11,-0.1954,8.084E-4,0.0,8.0842E-4,01/09/2024 11:15:58 am,6.375,4.73,-0.2422,-0.041,-0.1,0.0412,01/09/2024 11:20:48 am,6.375,13.66,-0.3068,0.004,-0.1,0.0040
01/09/2024 11:13:02 am,6.400,3.88,-0.2065,-0.017,0.1,0.0170,01/09/2024 11:15:05 am,6.400,4.10,-0.1954,0.000,0.0,0.0000,01/09/2024 11:15:58 am,6.400,4.75,-0.2431,-0.047,-0.2,0.0469,01/09/2024 11:20:48 am,6.400,13.65,-0.3068,-0.002,-0.2,0.0016
01/09/2024 11:13:02 am,6.425,3.88,-0.2069,-0.016,0.0,0.0162,01/09/2024 11:15:05 am,6.425,4.11,-0.1954,0.002,0.1,0.0016,01/09/2024 11:15:58 am,6.425,4.77,-0.2445,-0.053,-0.1,0.0534,01/09/2024 11:20:48 am,6.425,13.65,-0.3069,-0.009,-0.3,0.0089
01/09/2024 11:13:02 am,6.450,3.89,-0.2074,-0.016,0.0,0.0162,01/09/2024 11:15:05 am,6.450,4.11,-0.1954,0.005,0.1,0.0049,01/09/2024 11:15:58 am,6.450,4.79,-0.2459,-0.056,0.0,0.0558,01/09/2024 11:20:48 am,6.450,13.67,-0.3072,-0.016,-0.2,0.0162
01/09/2024 11:13:02 am,6.475,3.90,-0.2077,-0.016,0.0,0.0162,01/09/2024 11:15:05 am,6.475,4.10,-0.1951,0.007,0.0,0.0073,01/09/2024 11:15:58 am,6.475,4.82,-0.2474,-0.053,0.2,0.0525,01/09/2024 11:20:48 am,6.475,13.68,-0.3078,-0.021,-0.2,0.0210
01/09/2024 11:13:02 am,6.500,3.90,-0.2081,-0.015,0.0,0.0154,01/09/2024 11:15:05 am,6.500,4.10,-0.1949,0.007,0.0,0.0073,01/09/2024 11:15:58 am,6.500,4.83,-0.2486,-0.044,0.4,0.0445,01/09/2024 11:20:48 am,6.500,13.71,-0.3084,-0.025,-0.3,0.0251
01/09/2024 11:13:02 am,6.525,3.90,-0.2086,-0.015,0.0,0.0146,01/09/2024 11:15:05 am,6.525,4.11,-0.1947,0.006,0.0,0.0057,01/09/2024 11:15:58 am,6.525,4.84,-0.2497,-0.032,0.4,0.0323,01/09/2024 11:20:48 am,6.525,13.74,-0.3089,-0.036,-0.3,0.0356
01/09/2024 11:13:02 am,6.550,3.90,-0.2088,-0.015,-0.1,0.0154,01/09/2024 11:15:05 am,6.550,4.11,-0.1946,0.005,0.0,0.0049,01/09/2024 11:15:58 am,6.550,4.86,-0.2503,-0.020,0.3,0.0202,01/09/2024 11:20:48 am,6.550,13.79,-0.3098,-0.048,0.0,0.0477
01/09/2024 11:13:02 am,6.575,3.92,-0.2092,-0.019,-0.2,0.0194,01/09/2024 11:15:05 am,6.575,4.12,-0.1945,0.005,0.0,0.0049,01/09/2024 11:15:58 am,6.575,4.87,-0.2505,-0.014,0.1,0.0137,01/09/2024 11:20:48 am,6.575,13.83,-0.3116,-0.041,0.6,0.0412
01/09/2024 11:13:02 am,6.600,3.93,-0.2098,-0.025,-0.1,0.0251,01/09/2024 11:15:05 am,6.600,4.12,-0.1944,0.005,0.0,0.0049,01/09/2024 11:15:58 am,6.600,4.88,-0.2508,-0.015,0.0,0.0154,01/09/2024 11:20:48 am,6.600,13.85,-0.3127,-0.012,0.8,0.0121
01/09/2024 11:13:02 am,6.625,3.95,-0.2105,-0.028,-0.1,0.0283,01/09/2024 11:15:05 am,6.625,4.12,-0.1943,0.005,0.0,0.0049,01/09/2024 11:15:58 am,6.625,4.88,-0.2513,-0.019,-0.1,0.0186,01/09/2024 11:20:48 am,6.625,13.82,-0.3121,0.016,0.5,0.0162
01/09/2024 11:13:02 am,6.650,3.96,-0.2112,-0.028,0.0,0.0283,01/09/2024 11:15:05 am,6.650,4.12,-0.1941,0.004,0.0,0.0040,01/09/2024 11:15:58 am,6.650,4.89,-0.2519,-0.019,0.0,0.0194,01/09/2024 11:20:48 am,6.650,13.78,-0.3112,0.020,-0.1,0.0202
01/09/2024 11:13:02 am,6.675,3.97,-0.2120,-0.026,0.1,0.0259,01/09/2024 11:15:05 am,6.675,4.13,-0.1940,0.002,-0.1,0.0024,01/09/2024 11:15:58 am,6.675,4.90,-0.2522,-0.019,0.0,0.0186,01/09/2024 11:20:48 am,6.675,13.75,-0.3108,0.005,-0.5,0.0049
01/09/2024 11:13:02 am,6.700,3.97,-0.2126,-0.023,0.1,0.0226,01/09/2024 11:15:05 am,6.700,4.14,-0.1940,8.084E-4,-0.1,8.0842E-4,01/09/2024 11:15:58 am,6.700,4.91,-0.2527,-0.019,0.0,0.0194,01/09/2024 11:20:48 am,6.700,13.71,-0.3110,-0.012,-0.5,0.0121
01/09/2024 11:13:02 am,6.725,3.99,-0.2131,-0.019,0.1,0.0194,01/09/2024 11:15:05 am,6.725,4.15,-0.1940,-0.002,-0.1,0.0016,01/09/2024 11:15:58 am,6.725,4.90,-0.2532,-0.022,-0.1,0.0218,01/09/2024 11:20:48 am,6.725,13.67,-0.3115,-0.022,-0.2,0.0218
01/09/2024 11:13:02 am,6.750,3.98,-0.2135,-0.018,0.0,0.0178,01/09/2024 11:15:05 am,6.750,4.16,-0.1940,-0.006,-0.2,0.0065,01/09/2024 11:15:58 am,6.750,4.93,-0.2538,-0.023,-0.1,0.0234,01/09/2024 11:20:48 am,6.750,13.63,-0.3123,-0.022,0.1,0.0218
01/09/2024 11:13:02 am,6.775,4.00,-0.2139,-0.017,0.0,0.0170,01/09/2024 11:15:05 am,6.775,4.16,-0.1943,-0.012,-0.1,0.0121,01/09/2024 11:15:58 am,6.775,4.93,-0.2544,-0.025,0.0,0.0251,01/09/2024 11:20:48 am,6.775,13.58,-0.3129,-0.015,0.2,0.0154
01/09/2024 11:13:02 am,6.800,4.01,-0.2144,-0.018,-0.1,0.0178,01/09/2024 11:15:05 am,6.800,4.17,-0.1947,-0.015,0.0,0.0154,01/09/2024 11:15:58 am,6.800,4.95,-0.2550,-0.026,0.0,0.0259,01/09/2024 11:20:48 am,6.800,13.49,-0.3130,-0.009,0.1,0.0089
01/09/2024 11:13:02 am,6.825,4.02,-0.2148,-0.022,-0.2,0.0218,01/09/2024 11:15:05 am,6.825,4.18,-0.1951,-0.015,0.1,0.0146,01/09/2024 11:15:58 am,6.825,4.96,-0.2557,-0.026,0.0,0.0259,01/09/2024 11:20:48 am,6.825,13.42,-0.3131,-0.009,-0.1,0.0089
01/09/2024 11:13:02 am,6.850,4.04,-0.2154,-0.027,-0.2,0.0275,01/09/2024 11:15:05 am,6.850,4.20,-0.1955,-0.011,0.1,0.0113,01/09/2024 11:15:58 am,6.850,4.98,-0.2563,-0.026,0.0,0.0259,01/09/2024 11:20:48 am,6.850,13.42,-0.3133,-0.015,-0.2,0.0146
01/09/2024 11:13:02 am,6.875,4.04,-0.2162,-0.032,-0.1,0.0323,01/09/2024 11:15:05 am,6.875,4.20,-0.1957,-0.007,0.1,0.0073,01/09/2024 11:15:58 am,6.875,4.99,-0.2570,-0.026,0.1,0.0259,01/09/2024 11:20:48 am,6.875,13.45,-0.3138,-0.022,-0.3,0.0218
01/09/2024 11:13:02 am,6.900,4.06,-0.2171,-0.034,0.0,0.0340,01/09/2024 11:15:05 am,6.900,4.20,-0.1958,-0.004,0.1,0.0040,01/09/2024 11:15:58 am,6.900,5.00,-0.2577,-0.024,0.1,0.0243,01/09/2024 11:20:48 am,6.900,13.48,-0.3144,-0.031,-0.3,0.0307
01/09/2024 11:13:02 am,6.925,4.08,-0.2179,-0.032,0.1,0.0323,01/09/2024 11:15:05 am,6.925,4.20,-0.1958,-0.004,0.0,0.0040,01/09/2024 11:15:58 am,6.925,5.01,-0.2583,-0.019,0.2,0.0194,01/09/2024 11:20:48 am,6.925,13.52,-0.3153,-0.038,-0.1,0.0380
01/09/2024 11:13:02 am,6.950,4.09,-0.2188,-0.029,0.1,0.0291,01/09/2024 11:15:05 am,6.950,4.21,-0.1960,-0.006,-0.1,0.0065,01/09/2024 11:15:58 am,6.950,5.02,-0.2587,-0.014,0.2,0.0137,01/09/2024 11:20:48 am,6.950,13.58,-0.3165,-0.039,0.2,0.0388
01/09/2024 11:13:02 am,6.975,4.11,-0.2194,-0.025,0.2,0.0251,01/09/2024 11:15:05 am,6.975,4.22,-0.1962,-0.010,-0.1,0.0097,01/09/2024 11:15:58 am,6.975,5.03,-0.2589,-0.010,0.1,0.0097,01/09/2024 11:20:48 am,6.975,13.63,-0.3175,-0.029,0.4,0.0291
01/09/2024 11:13:03 am,7.000,4.12,-0.2200,-0.021,0.1,0.0210,01/09/2024 11:15:06 am,7.000,4.22,-0.1964,-0.013,-0.1,0.0129,01/09/2024 11:15:59 am,7.000,5.03,-0.2591,-0.008,0.0,0.0081,01/09/2024 11:20:49 am,7.000,13.67,-0.3181,-0.013,0.5,0.0129
01/09/2024 11:13:03 am,7.025,4.13,-0.2205,-0.018,0.1,0.0178,01/09/2024 11:15:06 am,7.025,4.23,-0.1968,-0.017,-0.2,0.0170,01/09/2024 11:15:59 am,7.025,5.04,-0.2593,-0.008,0.0,0.0081,01/09/2024 11:20:49 am,7.025,13.66,-0.3181,0.002,0.4,0.0016
01/09/2024 11:13:03 am,7.050,4.14,-0.2208,-0.016,0.0,0.0162,01/09/2024 11:15:06 am,7.050,4.24,-0.1973,-0.021,-0.1,0.0210,01/09/2024 11:15:59 am,7.050,5.04,-0.2595,-0.010,-0.1,0.0097,01/09/2024 11:20:49 am,7.050,13.65,-0.3178,0.009,0.2,0.0089
01/09/2024 11:13:03 am,7.075,4.14,-0.2212,-0.018,0.0,0.0178,01/09/2024 11:15:06 am,7.075,4.25,-0.1979,-0.024,-0.1,0.0243,01/09/2024 11:15:59 am,7.075,5.05,-0.2597,-0.012,0.0,0.0121,01/09/2024 11:20:49 am,7.075,13.63,-0.3175,0.009,-4.3E-15,0.0089
01/09/2024 11:13:03 am,7.100,4.15,-0.2217,-0.019,0.0,0.0194,01/09/2024 11:15:06 am,7.100,4.26,-0.1985,-0.026,-0.1,0.0259,01/09/2024 11:15:59 am,7.100,5.06,-0.2601,-0.012,0.0,0.0121,01/09/2024 11:20:49 am,7.100,13.61,-0.3173,0.006,-0.1,0.0065
01/09/2024 11:13:03 am,7.125,4.16,-0.2223,-0.017,0.2,0.0170,01/09/2024 11:15:06 am,7.125,4.28,-0.1992,-0.027,0.0,0.0267,01/09/2024 11:15:59 am,7.125,5.07,-0.2605,-0.010,0.1,0.0097,01/09/2024 11:20:49 am,7.125,13.59,-0.3172,0.004,-0.1,0.0040
01/09/2024 11:13:03 am,7.150,4.16,-0.2226,-0.011,0.2,0.0105,01/09/2024 11:15:06 am,7.150,4.29,-0.1998,-0.027,0.0,0.0267,01/09/2024 11:15:59 am,7.150,5.07,-0.2606,-0.006,0.1,0.0065,01/09/2024 11:20:49 am,7.150,13.57,-0.3171,0.002,0.1,0.0016
01/09/2024 11:13:03 am,7.175,4.17,-0.2228,-0.003,0.2,0.0032,01/09/2024 11:15:06 am,7.175,4.31,-0.2006,-0.027,0.0,0.0267,01/09/2024 11:15:59 am,7.175,5.07,-0.2607,-0.005,0.0,0.0049,01/09/2024 11:20:49 am,7.175,13.56,-0.3171,0.002,0.7,0.0024
01/09/2024 11:13:03 am,7.200,4.17,-0.2228,0.002,0.2,0.0024,01/09/2024 11:15:06 am,7.200,4.32,-0.2012,-0.027,0.0,0.0267,01/09/2024 11:15:59 am,7.200,5.07,-0.2608,-0.005,0.0,0.0049,01/09/2024 11:20:49 am,7.200,13.55,-0.3172,0.020,2.3,0.0202
01/09/2024 11:13:03 am,7.225,4.17,-0.2226,0.006,0.1,0.0065,01/09/2024 11:15:06 am,7.225,4.33,-0.2019,-0.026,0.0,0.0259,01/09/2024 11:15:59 am,7.225,5.06,-0.2610,-0.006,-0.1,0.0057,01/09/2024 11:20:49 am,7.225,13.49,-0.3167,0.090,6.0,0.0897
01/09/2024 11:13:03 am,7.250,4.16,-0.2224,0.010,0.1,0.0097,01/09/2024 11:15:06 am,7.250,4.33,-0.2025,-0.025,0.0,0.0251,01/09/2024 11:15:59 am,7.250,5.05,-0.2611,-0.008,-0.1,0.0081,01/09/2024 11:20:49 am,7.250,13.29,-0.3144,0.264,12.4,0.2644
01/09/2024 11:13:03 am,7.275,4.16,-0.2222,0.011,0.0,0.0105,01/09/2024 11:15:06 am,7.275,4.33,-0.2031,-0.024,0.0,0.0243,01/09/2024 11:15:59 am,7.275,5.05,-0.2613,-0.011,-0.1,0.0105,01/09/2024 11:20:49 am,7.275,12.82,-0.3064,0.655,20.6,0.6548
01/09/2024 11:13:03 am,7.300,4.15,-0.2218,0.008,-0.1,0.0081,01/09/2024 11:15:06 am,7.300,4.34,-0.2037,-0.023,0.1,0.0234,01/09/2024 11:15:59 am,7.300,5.06,-0.2617,-0.011,0.0,0.0113,01/09/2024 11:20:49 am,7.300,11.52,-0.2879,1.318,27.0,1.3177
01/09/2024 11:13:03 am,7.325,4.15,-0.2217,0.002,-0.2,0.0024,01/09/2024 11:15:06 am,7.325,4.35,-0.2043,-0.021,0.1,0.0210,01/09/2024 11:15:59 am,7.325,5.06,-0.2619,-0.011,0.0,0.0113,01/09/2024 11:20:49 am,7.325,9.39,-0.2451,2.129,27.4,2.1286
01/09/2024 11:13:03 am,7.350,4.15,-0.2217,-0.004,-0.2,0.0040,01/09/2024 11:15:06 am,7.350,4.36,-0.2048,-0.018,0.1,0.0178,01/09/2024 11:15:59 am,7.350,5.07,-0.2622,-0.013,-0.1,0.0129,01/09/2024 11:20:49 am,7.350,6.32,-0.1781,2.848,18.9,2.8480
01/09/2024 11:13:03 am,7.375,4.15,-0.2219,-0.007,-0.1,0.0073,01/09/2024 11:15:06 am,7.375,4.37,-0.2052,-0.015,0.1,0.0146,01/09/2024 11:15:59 am,7.375,5.07,-0.2625,-0.016,0.0,0.0162,01/09/2024 11:20:49 am,7.375,2.75,-0.0969,3.237,2.4,3.2369
01/09/2024 11:13:03 am,7.400,4.15,-0.2222,-0.006,0.0,0.0065,01/09/2024 11:15:06 am,7.400,4.38,-0.2055,-0.013,0.0,0.0129,01/09/2024 11:15:59 am,7.400,5.08,-0.2630,-0.016,0.1,0.0162,01/09/2024 11:20:49 am,7.400,-0.38,-0.0089,3.051,-16.8,3.0510
01/09/2024 11:13:03 am,7.425,4.15,-0.2223,-0.004,0.0,0.0040,01/09/2024 11:15:06 am,7.425,4.39,-0.2058,-0.014,-0.1,0.0137,01/09/2024 11:15:59 am,7.425,5.09,-0.2635,-0.011,0.2,0.0113,01/09/2024 11:20:49 am,7.425,-0.36,0.0712,2.281,-30.0,2.2813
01/09/2024 11:13:03 am,7.450,4.15,-0.2223,-0.003,0.0,0.0032,01/09/2024 11:15:06 am,7.450,4.39,-0.2061,-0.017,-0.1,0.0170,01/09/2024 11:15:59 am,7.450,5.09,-0.2636,-0.004,0.2,0.0040,01/09/2024 11:20:49 am,7.450,0.01,0.1114,1.280,-30.9,1.2797
01/09/2024 11:13:03 am,7.475,4.16,-0.2224,-0.005,-0.1,0.0049,01/09/2024 11:15:06 am,7.475,4.39,-0.2066,-0.022,-0.2,0.0218,01/09/2024 11:15:59 am,7.475,5.09,-0.2636,0.002,0.2,0.0016,01/09/2024 11:20:49 am,7.475,-0.01,0.1250,0.506,-21.8,0.5061
01/09/2024 11:13:03 am,7.500,4.15,-0.2225,-0.007,-0.1,0.0073,01/09/2024 11:15:06 am,7.500,4.41,-0.2072,-0.026,-0.1,0.0259,01/09/2024 11:15:59 am,7.500,5.08,-0.2635,0.006,0.3,0.0057,01/09/2024 11:20:49 am,7.500,-0.03,0.1293,0.188,-10.9,0.1884
01/09/2024 11:13:03 am,7.525,4.16,-0.2228,-0.009,-0.1,0.0089,01/09/2024 11:15:06 am,7.525,4.41,-0.2080,-0.028,-0.1,0.0283,01/09/2024 11:15:59 am,7.525,5.08,-0.2634,0.013,1.0,0.0129,01/09/2024 11:20:49 am,7.525,-0.03,0.1293,0.098,-4.4,0.0978
01/09/2024 11:13:03 am,7.550,4.16,-0.2230,-0.011,0.0,0.0105,01/09/2024 11:15:06 am,7.550,4.42,-0.2087,-0.029,0.0,0.0291,01/09/2024 11:15:59 am,7.550,5.07,-0.2630,0.036,3.0,0.0364,01/09/2024 11:20:49 am,7.550,0.08,0.1354,0.048,-2.4,0.0477
01/09/2024 11:13:03 am,7.575,4.16,-0.2232,-0.011,0.1,0.0105,01/09/2024 11:15:06 am,7.575,4.44,-0.2094,-0.029,0.0,0.0291,01/09/2024 11:15:59 am,7.575,5.02,-0.2622,0.127,6.5,0.1269,01/09/2024 11:20:49 am,7.575,-0.04,0.1335,-0.012,-1.9,0.0121
01/09/2024 11:13:03 am,7.600,4.17,-0.2236,-0.008,0.1,0.0081,01/09/2024 11:15:06 am,7.600,4.47,-0.2101,-0.027,0.1,0.0275,01/09/2024 11:15:59 am,7.600,4.86,-0.2593,0.342,10.6,0.3420,01/09/2024 11:20:49 am,7.600,-0.04,0.1322,-0.065,-1.3,0.0647
01/09/2024 11:13:03 am,7.625,4.17,-0.2237,-0.003,0.1,0.0032,01/09/2024 11:15:06 am,7.625,4.48,-0.2109,-0.023,0.2,0.0226,01/09/2024 11:15:59 am,7.625,4.58,-0.2481,0.682,13.7,0.6823,01/09/2024 11:20:49 am,7.625,-0.02,0.1307,-0.072,-0.6,0.0719
01/09/2024 11:13:03 am,7.650,4.18,-0.2237,8.084E-4,0.1,8.0842E-4,01/09/2024 11:15:06 am,7.650,4.48,-0.2114,-0.015,0.2,0.0154,01/09/2024 11:15:59 am,7.650,4.16,-0.2258,1.078,14.5,1.0776,01/09/2024 11:20:49 am,7.650,-0.04,0.1285,-0.082,-0.2,0.0816
01/09/2024 11:13:03 am,7.675,4.17,-0.2236,0.002,0.1,0.0024,01/09/2024 11:15:06 am,7.675,4.48,-0.2116,-0.009,0.2,0.0089,01/09/2024 11:15:59 am,7.675,3.53,-0.1933,1.445,13.1,1.4454,01/09/2024 11:20:49 am,7.675,-0.03,0.1264,-0.085,-0.1,0.0849
01/09/2024 11:13:03 am,7.700,4.17,-0.2236,0.003,0.0,0.0032,01/09/2024 11:15:06 am,7.700,4.49,-0.2117,-0.006,0.1,0.0057,01/09/2024 11:15:59 am,7.700,2.76,-0.1524,1.747,10.2,1.7470,01/09/2024 11:20:49 am,7.700,-0.02,0.1243,-0.083,0.0,0.0833
01/09/2024 11:13:03 am,7.725,4.17,-0.2235,0.004,0.0,0.0040,01/09/2024 11:15:06 am,7.725,4.49,-0.2118,-0.005,0.1,0.0049,01/09/2024 11:15:59 am,7.725,1.89,-0.1046,1.972,5.9,1.9717,01/09/2024 11:20:49 am,7.725,-0.01,0.1222,-0.082,0.1,0.0816
01/09/2024 11:13:03 am,7.750,4.16,-0.2234,0.006,0.0,0.0057,01/09/2024 11:15:06 am,7.750,4.49,-0.2120,-0.003,0.1,0.0032,01/09/2024 11:15:59 am,7.750,0.93,-0.0524,2.078,0.4,2.0776,01/09/2024 11:20:49 am,7.750,-0.03,0.1202,-0.080,0.1,0.0800
01/09/2024 11:13:03 am,7.775,4.17,-0.2232,0.007,0.0,0.0073,01/09/2024 11:15:06 am,7.775,4.49,-0.2121,-1.110E-15,0.1,1.1102E-15,01/09/2024 11:15:59 am,7.775,-3.80,0.0024,2.005,-5.1,2.0049,01/09/2024 11:20:49 am,7.775,0.00,0.1182,-0.078,0.1,0.0784
01/09/2024 11:13:03 am,7.800,4.16,-0.2230,0.007,-0.1,0.0073,01/09/2024 11:15:06 am,7.800,4.49,-0.2120,0.002,0.1,0.0024,01/09/2024 11:15:59 am,7.800,-2.39,0.0521,1.770,-8.2,1.7704,01/09/2024 11:20:49 am,7.800,0.00,0.1163,-0.077,0.1,0.0768
01/09/2024 11:13:03 am,7.825,4.16,-0.2228,0.003,-0.2,0.0032,01/09/2024 11:15:06 am,7.825,4.48,-0.2118,0.003,0.0,0.0032,01/09/2024 11:15:59 am,7.825,-0.60,0.0916,1.508,-7.6,1.5077,01/09/2024 11:20:49 am,7.825,0.01,0.1144,-0.074,0.1,0.0744
01/09/2024 11:13:03 am,7.850,4.15,-0.2228,-0.002,-0.2,0.0024,01/09/2024 11:15:06 am,7.850,4.49,-0.2118,0.002,0.0,0.0024,01/09/2024 11:15:59 am,7.850,-0.03,0.1241,1.346,-4.7,1.3460,01/09/2024 11:20:49 am,7.850,0.00,0.1125,-0.072,0.1,0.0719
01/09/2024 11:13:03 am,7.875,4.15,-0.2230,-0.006,-0.1,0.0065,01/09/2024 11:15:06 am,7.875,4.49,-0.2117,0.002,0.0,0.0016,01/09/2024 11:15:59 am,7.875,0.11,0.1567,1.294,-2.0,1.2943,01/09/2024 11:20:49 am,7.875,0.01,0.1108,-0.070,0.1,0.0703
01/09/2024 11:13:03 am,7.900,4.15,-0.2231,-0.007,0.0,0.0073,01/09/2024 11:15:06 am,7.900,4.48,-0.2117,8.084E-4,0.0,8.0842E-4,01/09/2024 11:15:59 am,7.900,0.10,0.1889,1.284,-1.8,1.2838,01/09/2024 11:20:49 am,7.900,0.01,0.1090,-0.070,0.1,0.0695
01/09/2024 11:13:03 am,7.925,4.16,-0.2234,-0.006,-3.7E-15,0.0065,01/09/2024 11:15:06 am,7.925,4.48,-0.2117,-8.084E-4,-0.1,8.0842E-4,01/09/2024 11:15:59 am,7.925,0.09,0.2208,1.272,-5.4,1.2716,01/09/2024 11:20:49 am,7.925,0.01,0.1073,-0.068,0.1,0.0679
01/09/2024 11:13:03 am,7.950,4.17,-0.2235,-0.006,0.0,0.0065,01/09/2024 11:15:06 am,7.950,4.48,-0.2117,-0.002,-0.1,0.0024,01/09/2024 11:15:59 am,7.950,0.11,0.2525,1.093,-11.2,1.0930,01/09/2024 11:20:49 am,7.950,0.01,0.1056,-0.066,0.0,0.0663
01/09/2024 11:13:03 am,7.975,4.17,-0.2236,-0.007,0.0,0.0073,01/09/2024 11:15:06 am,7.975,4.49,-0.2118,-0.005,-0.1,0.0049,01/09/2024 11:15:59 am,7.975,0.09,0.2839,0.679,-15.3,0.6791,01/09/2024 11:20:49 am,7.975,0.01,0.1040,-0.065,0.0,0.0655
01/09/2024 11:13:04 am,8.000,4.18,-0.2239,-0.008,0.0,0.0081,01/09/2024 11:15:07 am,8.000,4.49,-0.2120,-0.007,0.0,0.0073,01/09/2024 11:16:00 am,8.000,0.04,0.2898,0.195,-14.0,0.1948,01/09/2024 11:20:50 am,8.000,0.00,0.1023,-0.065,0.0,0.0647
01/09/2024 11:13:04 am,8.025,4.17,-0.2241,-0.006,0.1,0.0065,01/09/2024 11:15:07 am,8.025,4.49,-0.2122,-0.008,0.0,0.0081,01/09/2024 11:16:00 am,8.025,0.04,0.2853,-0.124,-8.7,0.1245,01/09/2024 11:20:50 am,8.025,0.00,0.1008,-0.065,0.0,0.0647
01/09/2024 11:13:04 am,8.050,4.18,-0.2242,-0.003,0.1,0.0032,01/09/2024 11:15:07 am,8.050,4.49,-0.2125,-0.006,0.0,0.0065,01/09/2024 11:16:00 am,8.050,0.02,0.2802,-0.207,-3.4,0.2070,01/09/2024 11:20:50 am,8.050,0.00,0.0992,-0.065,0.0,0.0647
01/09/2024 11:13:04 am,8.075,4.17,-0.2242,0.000,0.1,0.0000,01/09/2024 11:15:07 am,8.075,4.49,-0.2126,-0.005,0.0,0.0049,01/09/2024 11:16:00 am,8.075,0.00,0.2748,-0.217,-0.8,0.2167,01/09/2024 11:20:50 am,8.075,-0.01,0.0975,-0.064,0.0,0.0639
01/09/2024 11:13:04 am,8.100,4.18,-0.2242,0.002,0.0,0.0016,01/09/2024 11:15:07 am,8.100,4.49,-0.2126,-0.006,0.0,0.0057,01/09/2024 11:16:00 am,8.100,-0.02,0.2693,-0.222,-0.1,0.2215,01/09/2024 11:20:50 am,8.100,0.01,0.0959,-0.062,0.0,0.0622
01/09/2024 11:13:04 am,8.125,4.18,-0.2241,8.084E-4,0.0,8.0842E-4,01/09/2024 11:15:07 am,8.125,4.50,-0.2128,-0.008,-0.1,0.0081,01/09/2024 11:16:00 am,8.125,-0.05,0.2637,-0.223,0.0,0.2231,01/09/2024 11:20:50 am,8.125,0.01,0.0945,-0.061,0.0,0.0614
01/09/2024 11:13:04 am,8.150,4.18,-0.2241,-0.002,-0.1,0.0016,01/09/2024 11:15:07 am,8.150,4.50,-0.2131,-0.010,0.0,0.0097,01/09/2024 11:16:00 am,8.150,0.07,0.2580,-0.221,0.2,0.2207,01/09/2024 11:20:50 am,8.150,0.01,0.0929,-0.061,0.0,0.0614
01/09/2024 11:13:04 am,8.175,4.18,-0.2242,-0.004,0.0,0.0040,01/09/2024 11:15:07 am,8.175,4.51,-0.2133,-0.009,0.0,0.0089,01/09/2024 11:16:00 am,8.175,0.14,0.2526,-0.214,0.3,0.2142,01/09/2024 11:20:50 am,8.175,0.01,0.0913,-0.061,0.0,0.0614
01/09/2024 11:13:04 am,8.200,4.18,-0.2243,-0.004,0.0,0.0040,01/09/2024 11:15:07 am,8.200,4.52,-0.2135,-0.007,0.1,0.0073,01/09/2024 11:16:00 am,8.200,0.06,0.2474,-0.206,0.3,0.2061,01/09/2024 11:20:50 am,8.200,0.01,0.0899,-0.061,0.0,0.0606
01/09/2024 11:13:04 am,8.225,4.18,-0.2245,-0.003,0.0,0.0032,01/09/2024 11:15:07 am,8.225,4.52,-0.2137,-0.005,0.2,0.0049,01/09/2024 11:16:00 am,8.225,0.02,0.2423,-0.197,0.4,0.1973,01/09/2024 11:20:50 am,8.225,0.02,0.0883,-0.061,0.0,0.0606
01/09/2024 11:13:04 am,8.250,4.20,-0.2245,-0.003,-0.1,0.0032,01/09/2024 11:15:07 am,8.250,4.52,-0.2138,-8.084E-4,0.5,8.0842E-4,01/09/2024 11:16:00 am,8.250,0.14,0.2374,-0.186,0.5,0.1859,01/09/2024 11:20:50 am,8.250,0.02,0.0868,-0.061,0.0,0.0606
01/09/2024 11:13:04 am,8.275,4.19,-0.2246,-0.006,-0.1,0.0057,01/09/2024 11:15:07 am,8.275,4.52,-0.2138,0.009,1.6,0.0089,01/09/2024 11:16:00 am,8.275,0.19,0.2329,-0.171,0.7,0.1706,01/09/2024 11:20:50 am,8.275,0.01,0.0852,-0.060,0.1,0.0598
01/09/2024 11:13:04 am,8.300,4.20,-0.2247,-0.011,-0.2,0.0105,01/09/2024 11:15:07 am,8.300,4.51,-0.2135,0.050,4.0,0.0501,01/09/2024 11:16:00 am,8.300,0.25,0.2288,-0.151,0.9,0.1512,01/09/2024 11:20:50 am,8.300,0.02,0.0838,-0.058,0.1,0.0582
01/09/2024 11:13:04 am,8.325,4.21,-0.2251,-0.018,-0.3,0.0178,01/09/2024 11:15:07 am,8.325,4.44,-0.2126,0.178,7.5,0.1779,01/09/2024 11:16:00 am,8.325,0.28,0.2253,-0.126,1.1,0.1261,01/09/2024 11:20:50 am,8.325,0.01,0.0823,-0.055,0.1,0.0550
01/09/2024 11:13:04 am,8.350,4.22,-0.2255,-0.027,-0.3,0.0267,01/09/2024 11:15:07 am,8.350,4.22,-0.2075,0.426,11.0,0.4260,01/09/2024 11:16:00 am,8.350,0.34,0.2224,-0.095,1.3,0.0954,01/09/2024 11:20:50 am,8.350,0.01,0.0810,-0.052,0.1,0.0517
01/09/2024 11:13:04 am,8.375,4.23,-0.2264,-0.036,-0.3,0.0356,01/09/2024 11:15:07 am,8.375,3.93,-0.1932,0.764,12.9,0.7640,01/09/2024 11:16:00 am,8.375,0.37,0.2205,-0.061,1.4,0.0614,01/09/2024 11:20:50 am,8.375,0.01,0.0798,-0.049,0.1,0.0493
01/09/2024 11:13:04 am,8.400,4.25,-0.2274,-0.042,-0.1,0.0420,01/09/2024 11:15:07 am,8.400,3.47,-0.1690,1.116,12.6,1.1164,01/09/2024 11:16:00 am,8.400,0.39,0.2194,-0.026,1.4,0.0259,01/09/2024 11:20:50 am,8.400,0.01,0.0786,-0.049,0.0,0.0485
01/09/2024 11:13:04 am,8.425,4.27,-0.2286,-0.043,0.1,0.0428,01/09/2024 11:15:07 am,8.425,2.84,-0.1364,1.423,10.7,1.4228,01/09/2024 11:16:00 am,8.425,0.39,0.2191,0.010,1.4,0.0097,01/09/2024 11:20:50 am,8.425,0.01,0.0774,-0.049,0.0,0.0485
01/09/2024 11:13:04 am,8.450,4.29,-0.2297,-0.036,0.4,0.0364,01/09/2024 11:15:07 am,8.450,2.09,-0.0968,1.662,7.6,1.6621,01/09/2024 11:16:00 am,8.450,0.38,0.2198,0.045,1.4,0.0453,01/09/2024 11:20:50 am,8.450,0.01,0.0762,-0.048,0.0,0.0477
01/09/2024 11:13:04 am,8.475,4.30,-0.2305,-0.023,0.5,0.0234,01/09/2024 11:15:07 am,8.475,1.26,-0.0520,1.820,3.6,1.8197,01/09/2024 11:16:00 am,8.475,0.36,0.2214,0.078,1.3,0.0784,01/09/2024 11:20:50 am,8.475,0.01,0.0749,-0.046,0.1,0.0461
01/09/2024 11:13:04 am,8.500,4.30,-0.2309,-0.008,0.6,0.0081,01/09/2024 11:15:07 am,8.500,0.38,-0.0041,1.856,-0.4,1.8561,01/09/2024 11:16:00 am,8.500,0.32,0.2239,0.108,1.1,0.1083,01/09/2024 11:20:50 am,8.500,0.01,0.0738,-0.044,0.0,0.0445
01/09/2024 11:13:04 am,8.525,4.30,-0.2309,0.006,0.5,0.0065,01/09/2024 11:15:07 am,8.525,-5.43,0.0439,1.773,-3.3,1.7729,01/09/2024 11:16:00 am,8.525,0.28,0.2269,0.134,0.9,0.1342,01/09/2024 11:20:50 am,8.525,0.01,0.0728,-0.044,0.0,0.0437
01/09/2024 11:13:04 am,8.550,4.29,-0.2305,0.017,0.3,0.0170,01/09/2024 11:15:07 am,8.550,-3.67,0.0857,1.643,-5.5,1.6427,01/09/2024 11:16:00 am,8.550,0.21,0.2306,0.155,0.7,0.1552,01/09/2024 11:20:50 am,8.550,0.00,0.0717,-0.043,0.0,0.0428
01/09/2024 11:13:04 am,8.575,4.28,-0.2299,0.023,0.1,0.0234,01/09/2024 11:15:07 am,8.575,-4.56,0.1241,1.540,-9.2,1.5400,01/09/2024 11:16:00 am,8.575,0.14,0.2348,0.171,0.5,0.1706,01/09/2024 11:20:50 am,8.575,0.01,0.0706,-0.041,0.1,0.0412
01/09/2024 11:13:04 am,8.600,4.27,-0.2293,0.024,-0.1,0.0243,01/09/2024 11:15:07 am,8.600,-2.58,0.1621,1.268,-14.4,1.2676,01/09/2024 11:16:00 am,8.600,0.08,0.2393,0.179,0.2,0.1795,01/09/2024 11:20:50 am,8.600,0.00,0.0696,-0.040,0.1,0.0396
01/09/2024 11:13:04 am,8.625,4.26,-0.2286,0.019,-0.3,0.0194,01/09/2024 11:15:07 am,8.625,-1.24,0.1985,0.770,-17.2,0.7704,01/09/2024 11:16:00 am,8.625,0.03,0.2439,0.183,0.0,0.1827,01/09/2024 11:20:50 am,8.625,0.00,0.0686,-0.038,0.1,0.0380
01/09/2024 11:13:04 am,8.650,4.26,-0.2282,0.010,-0.4,0.0097,01/09/2024 11:15:07 am,8.650,-0.14,0.2014,0.255,-14.4,0.2555,01/09/2024 11:16:00 am,8.650,0.00,0.2485,0.180,-0.2,0.1803,01/09/2024 11:20:50 am,8.650,0.01,0.0677,-0.036,0.1,0.0364
01/09/2024 11:13:04 am,8.675,4.25,-0.2281,-0.002,-0.4,0.0024,01/09/2024 11:15:07 am,8.675,-0.06,0.2003,-0.034,-8.1,0.0340,01/09/2024 11:16:00 am,8.675,-0.23,0.2530,0.172,-0.4,0.1722,01/09/2024 11:20:50 am,8.675,0.00,0.0668,-0.035,0.1,0.0348
01/09/2024 11:13:04 am,8.700,4.25,-0.2283,-0.013,-0.4,0.0129,01/09/2024 11:15:07 am,8.700,-0.05,0.1986,-0.081,-3.0,0.0808,01/09/2024 11:16:00 am,8.700,-0.27,0.2572,0.158,-0.6,0.1584,01/09/2024 11:20:50 am,8.700,0.01,0.0660,-0.033,0.1,0.0331
01/09/2024 11:13:04 am,8.725,4.26,-0.2288,-0.021,-0.2,0.0210,01/09/2024 11:15:07 am,8.725,-0.06,0.1962,-0.103,-1.0,0.1035,01/09/2024 11:16:00 am,8.725,-0.28,0.2610,0.141,-0.7,0.1415,01/09/2024 11:20:50 am,8.725,0.00,0.0651,-0.032,0.1,0.0315
01/09/2024 11:13:04 am,8.750,4.28,-0.2294,-0.024,0.0,0.0243,01/09/2024 11:15:07 am,8.750,-0.07,0.1934,-0.124,-0.8,0.1245,01/09/2024 11:16:00 am,8.750,-0.24,0.2642,0.124,-0.8,0.1237,01/09/2024 11:20:50 am,8.750,0.00,0.0644,-0.029,0.1,0.0291
01/09/2024 11:13:04 am,8.775,4.28,-0.2302,-0.023,0.1,0.0226,01/09/2024 11:15:07 am,8.775,-0.07,0.1900,-0.142,-0.6,0.1423,01/09/2024 11:16:00 am,8.775,-0.13,0.2671,0.105,-0.9,0.1051,01/09/2024 11:20:50 am,8.775,0.00,0.0637,-0.027,0.1,0.0267
01/09/2024 11:13:04 am,8.800,4.29,-0.2306,-0.017,0.2,0.0170,01/09/2024 11:15:07 am,8.800,-0.07,0.1861,-0.156,-0.5,0.1560,01/09/2024 11:16:00 am,8.800,0.09,0.2696,0.081,-1.1,0.0808,01/09/2024 11:20:50 am,8.800,0.01,0.0631,-0.024,0.1,0.0243
01/09/2024 11:13:04 am,8.825,4.29,-0.2310,-0.010,0.3,0.0097,01/09/2024 11:15:07 am,8.825,-0.12,0.1821,-0.167,-0.5,0.1673,01/09/2024 11:16:00 am,8.825,0.10,0.2714,0.049,-1.3,0.0485,01/09/2024 11:20:50 am,8.825,0.01,0.0625,-0.022,0.1,0.0218
01/09/2024 11:13:04 am,8.850,4.30,-0.2311,-0.003,0.2,0.0032,01/09/2024 11:15:07 am,8.850,-0.19,0.1779,-0.181,-0.6,0.1811,01/09/2024 11:16:00 am,8.850,0.10,0.2721,0.011,-1.4,0.0105,01/09/2024 11:20:50 am,8.850,0.01,0.0620,-0.019,0.1,0.0194
01/09/2024 11:13:04 am,8.875,4.31,-0.2311,0.002,0.1,0.0016,01/09/2024 11:15:07 am,8.875,-0.25,0.1732,-0.198,-0.6,0.1981,01/09/2024 11:16:00 am,8.875,0.11,0.2719,-0.026,-1.3,0.0259,01/09/2024 11:20:50 am,8.875,0.00,0.0615,-0.018,0.1,0.0178
01/09/2024 11:13:04 am,8.900,4.30,-0.2310,0.004,0.1,0.0040,01/09/2024 11:15:07 am,8.900,-0.25,0.1679,-0.214,-0.5,0.2142,01/09/2024 11:16:00 am,8.900,0.10,0.2707,-0.055,-1.0,0.0550,01/09/2024 11:20:50 am,8.900,0.01,0.0611,-0.017,0.0,0.0170
01/09/2024 11:13:04 am,8.925,4.30,-0.2309,0.005,-3.7E-15,0.0049,01/09/2024 11:15:07 am,8.925,-0.08,0.1624,-0.225,-0.2,0.2247,01/09/2024 11:16:00 am,8.925,0.10,0.2690,-0.075,-0.7,0.0752,01/09/2024 11:20:50 am,8.925,0.01,0.0606,-0.016,0.1,0.0162
01/09/2024 11:13:04 am,8.950,4.30,-0.2308,0.004,-0.1,0.0040,01/09/2024 11:15:07 am,8.950,0.00,0.1565,-0.227,0.0,0.2272,01/09/2024 11:16:00 am,8.950,0.09,0.2668,-0.088,-0.5,0.0881,01/09/2024 11:20:50 am,8.950,0.00,0.0603,-0.014,0.1,0.0137
01/09/2024 11:13:04 am,8.975,4.29,-0.2306,0.002,-0.1,0.0016,01/09/2024 11:15:07 am,8.975,0.09,0.1509,-0.222,,0.2215,01/09/2024 11:16:00 am,8.975,0.07,0.2645,-0.097,-0.2,0.0970,01/09/2024 11:20:50 am,8.975,0.01,0.0599,-0.010,0.1,0.0097
01/09/2024 11:13:05 am,9.000,4.30,-0.2306,-8.084E-4,0.0,8.0842E-4,01/09/2024 11:15:08 am,9.000,0.16,0.1454,-0.211,,0.2110,01/09/2024 11:16:01 am,9.000,-0.02,0.2619,-0.101,0.0,0.1011,01/09/2024 11:20:51 am,9.000,0.01,0.0598,-0.006,0.1,0.0065
01/09/2024 11:13:05 am,9.025,4.30,-0.2308,-8.084E-4,0.1,8.0842E-4,01/09/2024 11:15:08 am,9.025,0.23,0.1403,,,,01/09/2024 11:16:01 am,9.025,0.06,0.2593,-0.099,0.1,0.0994,01/09/2024 11:20:51 am,9.025,0.00,0.0597,-0.004,0.1,0.0040
01/09/2024 11:13:05 am,9.050,4.30,-0.2308,0.002,0.5,0.0024,,,,,,,,01/09/2024 11:16:01 am,9.050,0.08,0.2568,-0.093,0.3,0.0930,01/09/2024 11:20:51 am,9.050,,0.0595,-0.002,,0.0024
01/09/2024 11:13:05 am,9.075,4.29,-0.2306,0.014,1.5,0.0137,,,,,,,,01/09/2024 11:16:01 am,9.075,0.10,0.2547,-0.083,0.4,0.0833,01/09/2024 11:20:51 am,9.075,,0.0595,0.000,,0.0000
01/09/2024 11:13:05 am,9.100,4.28,-0.2304,0.055,3.6,0.0550,,,,,,,,01/09/2024 11:16:01 am,9.100,0.13,0.2526,-0.072,0.5,0.0719,01/09/2024 11:20:51 am,9.100,,0.0595,,,
01/09/2024 11:13:05 am,9.125,4.20,-0.2291,0.168,6.6,0.1682,,,,,,,,01/09/2024 11:16:01 am,9.125,0.16,0.2510,-0.058,0.6,0.0582,,,,,,,
01/09/2024 11:13:05 am,9.150,4.03,-0.2241,0.383,9.8,0.3832,,,,,,,,01/09/2024 11:16:01 am,9.150,0.17,0.2497,-0.042,0.7,0.0420,,,,,,,
01/09/2024 11:13:05 am,9.175,3.76,-0.2117,0.681,11.7,0.6807,,,,,,,,01/09/2024 11:16:01 am,9.175,0.18,0.2488,-0.024,0.7,0.0243,,,,,,,
01/09/2024 11:13:05 am,9.200,3.34,-0.1903,1.006,11.8,1.0057,,,,,,,,01/09/2024 11:16:01 am,9.200,0.19,0.2485,-0.006,0.7,0.0065,,,,,,,
01/09/2024 11:13:05 am,9.225,2.76,-0.1608,1.302,10.3,1.3015,,,,,,,,01/09/2024 11:16:01 am,9.225,0.20,0.2486,0.010,0.6,0.0097,,,,,,,
01/09/2024 11:13:05 am,9.250,2.07,-0.1242,1.536,7.8,1.5360,,,,,,,,01/09/2024 11:16:01 am,9.250,0.18,0.2490,0.025,0.6,0.0251,,,,,,,
01/09/2024 11:13:05 am,9.275,1.30,-0.0826,1.700,4.8,1.7001,,,,,,,,01/09/2024 11:16:01 am,9.275,0.17,0.2498,0.040,0.6,0.0404,,,,,,,
01/09/2024 11:13:05 am,9.300,0.49,-0.0381,1.780,1.8,1.7801,,,,,,,,01/09/2024 11:16:01 am,9.300,0.15,0.2510,0.055,0.5,0.0550,,,,,,,
01/09/2024 11:13:05 am,9.325,-2.11,0.0081,1.781,-0.5,1.7809,,,,,,,,01/09/2024 11:16:01 am,9.325,0.13,0.2526,0.066,0.4,0.0663,,,,,,,
01/09/2024 11:13:05 am,9.350,-1.19,0.0521,1.729,-1.8,1.7292,,,,,,,,01/09/2024 11:16:01 am,9.350,0.11,0.2544,0.074,0.3,0.0744,,,,,,,
01/09/2024 11:13:05 am,9.375,0.01,0.0943,1.669,-1.9,1.6694,,,,,,,,01/09/2024 11:16:01 am,9.375,0.08,0.2563,0.080,0.2,0.0800,,,,,,,
01/09/2024 11:13:05 am,9.400,-0.02,0.1351,1.627,-2.5,1.6265,,,,,,,,01/09/2024 11:16:01 am,9.400,0.04,0.2584,0.082,0.0,0.0825,,,,,,,
01/09/2024 11:13:05 am,9.425,-0.01,0.1756,1.598,-6.2,1.5982,,,,,,,,01/09/2024 11:16:01 am,9.425,-0.07,0.2606,0.081,-0.2,0.0808,,,,,,,
01/09/2024 11:13:05 am,9.450,0.07,0.2149,1.425,-13.3,1.4252,,,,,,,,01/09/2024 11:16:01 am,9.450,-0.14,0.2625,0.073,-0.4,0.0728,,,,,,,
01/09/2024 11:13:05 am,9.475,0.03,0.2543,0.941,-19.7,0.9410,,,,,,,,01/09/2024 11:16:01 am,9.475,-0.12,0.2644,0.059,,0.0590,,,,,,,
01/09/2024 11:13:05 am,9.500,0.03,0.2702,0.289,-19.8,0.2894,,,,,,,,01/09/2024 11:16:01 am,9.500,0.00,0.2656,0.041,,0.0412,,,,,,,
01/09/2024 11:13:05 am,9.525,-0.07,0.2614,-0.215,-13.3,0.2150,,,,,,,,01/09/2024 11:16:01 am,9.525,0.03,0.2664,,,,,,,,,,
01/09/2024 11:13:05 am,9.550,-0.12,0.2511,-0.394,-5.1,0.3937,,,,,,,,,,,,,,,,,,,,,
01/09/2024 11:13:05 am,9.575,-0.13,0.2411,-0.373,0.1,0.3727,,,,,,,,,,,,,,,,,,,,,
01/09/2024 11:13:05 am,9.600,-0.05,0.2315,-0.320,1.6,0.3201,,,,,,,,,,,,,,,,,,,,,
01/09/2024 11:13:05 am,9.625,0.01,0.2252,-0.275,1.3,0.2749,,,,,,,,,,,,,,,,,,,,,
01/09/2024 11:13:05 am,9.650,0.03,0.2190,-0.251,0.7,0.2514,,,,,,,,,,,,,,,,,,,,,
01/09/2024 11:13:05 am,9.675,0.10,0.2123,-0.247,0.4,0.2466,,,,,,,,,,,,,,,,,,,,,
01/09/2024 11:13:05 am,9.700,0.20,0.2066,-0.238,0.5,0.2385,,,,,,,,,,,,,,,,,,,,,
01/09/2024 11:13:05 am,9.725,0.24,0.2006,-0.225,0.8,0.2247,,,,,,,,,,,,,,,,,,,,,
01/09/2024 11:13:05 am,9.750,0.35,0.1950,-0.201,1.2,0.2013,,,,,,,,,,,,,,,,,,,,,
01/09/2024 11:13:05 am,9.775,0.41,0.1903,-0.163,1.6,0.1633,,,,,,,,,,,,,,,,,,,,,
01/09/2024 11:13:05 am,9.800,0.46,0.1867,-0.118,1.9,0.1180,,,,,,,,,,,,,,,,,,,,,
01/09/2024 11:13:05 am,9.825,0.51,0.1843,-0.069,2.0,0.0687,,,,,,,,,,,,,,,,,,,,,
01/09/2024 11:13:05 am,9.850,0.52,0.1832,-0.018,2.0,0.0178,,,,,,,,,,,,,,,,,,,,,
01/09/2024 11:13:05 am,9.875,0.53,0.1835,0.034,2.0,0.0340,,,,,,,,,,,,,,,,,,,,,
01/09/2024 11:13:05 am,9.900,0.49,0.1849,0.082,1.8,0.0825,,,,,,,,,,,,,,,,,,,,,
01/09/2024 11:13:05 am,9.925,0.45,0.1877,0.127,1.6,0.1269,,,,,,,,,,,,,,,,,,,,,
01/09/2024 11:13:05 am,9.950,0.38,0.1914,0.165,1.4,0.1649,,,,,,,,,,,,,,,,,,,,,
01/09/2024 11:13:05 am,9.975,0.31,0.1961,0.196,1.1,0.1956,,,,,,,,,,,,,,,,,,,,,
01/09/2024 11:13:06 am,10.000,0.23,0.2013,0.220,0.8,0.2199,,,,,,,,,,,,,,,,,,,,,
01/09/2024 11:13:06 am,10.025,0.15,0.2071,0.237,0.6,0.2369,,,,,,,,,,,,,,,,,,,,,
01/09/2024 11:13:06 am,10.050,0.06,0.2133,0.248,0.3,0.2482,,,,,,,,,,,,,,,,,,,,,
01/09/2024 11:13:06 am,10.075,0.01,0.2196,0.253,0.1,0.2530,,,,,,,,,,,,,,,,,,,,,
01/09/2024 11:13:06 am,10.100,,0.2260,0.254,0.0,0.2538,,,,,,,,,,,,,,,,,,,,,
01/09/2024 11:13:06 am,10.125,,0.2323,0.253,,0.2530,,,,,,,,,,,,,,,,,,,,,
01/09/2024 11:13:06 am,10.150,,0.2386,0.252,,0.2522,,,,,,,,,,,,,,,,,,,,,
01/09/2024 11:13:06 am,10.175,,0.2449,,,,,,,,,,,,,,,,,,,,,,,,
